Timestamp,eNodeB,CellId,CellName,Period_s,CellUnavailTime_s,RRC_ConnEstabAtt,RRC_ConnEstabSucc,S1SIG_ConnEstabAtt,S1SIG_ConnEstabSucc,ERAB_EstabInitAtt,ERAB_EstabInitSucc,ERAB_EstabAddAtt,ERAB_EstabAddSucc,HO_ExecAtt,HO_ExecSucc,HO_ExecFail,ERAB_RelAbnormalNbr,ERAB_RelNormalNbr,DRB_PdcpVolDL_kbit,DRB_PdcpVolUL_kbit,DRB_ThpTimeDL_ms,DRB_ThpTimeUL_ms,PRB_UsedDL,PRB_AvailDL,PRB_UsedUL,PRB_AvailUL,RRC_ConnMean,RRC_ConnMax,DRB_MeanActiveUE_DL,DRB_MeanActiveUE_UL
7/30/2026 0:00,ENB_10021,10021_1,LHR_Gulberg_S1,3600,0,94,93,93,93,93,93,16,16,51,50,1,0,102,1776623,272196,34286,11673,14,100,13,100,6,14,2.8,1.6
7/30/2026 1:00,ENB_10021,10021_1,LHR_Gulberg_S1,3600,0,65,65,64,64,64,64,10,10,34,34,0,0,67,893437,129062,15121,7234,10,100,8,100,4.5,9,2.5,2
7/30/2026 2:00,ENB_10021,10021_1,LHR_Gulberg_S1,3600,0,39,39,39,39,39,39,9,9,16,16,0,0,44,565571,109964,8708,4299,9,100,6,100,3.5,7,1.8,1.4
7/30/2026 3:00,ENB_10021,10021_1,LHR_Gulberg_S1,3600,0,31,31,31,31,31,31,8,8,10,10,0,0,37,579811,86405,8212,4668,7,100,5,100,2.5,4,1.1,0.8
7/30/2026 4:00,ENB_10021,10021_1,LHR_Gulberg_S1,3600,0,41,41,40,40,40,40,6,6,22,22,0,0,42,796829,94247,12093,4345,8,100,6,100,3.5,7,1.7,1.3
7/30/2026 5:00,ENB_10021,10021_1,LHR_Gulberg_S1,3600,0,71,71,70,70,70,70,24,24,29,29,0,0,90,910912,189754,15525,10521,12,100,10,100,4.6,8,1.5,1.3
7/30/2026 6:00,ENB_10021,10021_1,LHR_Gulberg_S1,3600,0,137,136,135,135,135,135,23,23,66,65,1,1,147,1732011,194692,27655,11088,25,100,18,100,10.3,23,4.9,3.4
7/30/2026 7:00,ENB_10021,10021_1,LHR_Gulberg_S1,3600,0,246,244,242,241,241,240,60,60,108,107,1,2,290,3587202,582851,61670,38035,45,100,36,100,17,27,9.2,6.4
7/30/2026 8:00,ENB_10021,10021_1,LHR_Gulberg_S1,3600,0,353,349,348,347,347,345,60,60,108,106,2,3,390,5703030,1138181,82357,57609,72,100,45,100,26,44,12.2,7.7
7/30/2026 9:00,ENB_10021,10021_1,LHR_Gulberg_S1,3600,0,311,307,307,306,306,304,92,91,170,167,3,3,380,8082896,1450066,143799,88327,78,100,50,100,25.9,61,8.8,5
7/30/2026 10:00,ENB_10021,10021_1,LHR_Gulberg_S1,3600,0,271,268,267,266,266,264,50,50,234,230,4,2,289,5665757,576051,109189,33931,79,100,49,100,26.5,45,13.4,8
7/30/2026 11:00,ENB_10021,10021_1,LHR_Gulberg_S1,3600,0,464,458,452,450,450,447,79,78,182,179,3,4,507,8180913,1756236,152648,60828,71,100,60,100,33.1,68,11.6,9.2
7/30/2026 12:00,ENB_10021,10021_1,LHR_Gulberg_S1,3600,0,332,327,326,325,325,323,79,79,114,112,2,3,384,8535333,1091813,140100,45322,83,100,60,100,25.2,43,10.2,8.6
7/30/2026 13:00,ENB_10021,10021_1,LHR_Gulberg_S1,3600,0,336,332,328,327,327,325,98,97,119,117,2,3,404,5596527,1113483,103048,64896,82,100,49,100,27.6,54,12.8,10.4
7/30/2026 14:00,ENB_10021,10021_1,LHR_Gulberg_S1,3600,0,267,264,262,261,261,259,75,75,170,167,3,2,310,8887601,935127,176184,50408,74,100,60,100,26.1,44,8,4.5
7/30/2026 15:00,ENB_10021,10021_1,LHR_Gulberg_S1,3600,0,388,384,384,382,382,380,65,65,233,228,5,4,427,9040750,1601099,132233,94081,83,100,62,100,26.2,50,11.3,6.6
7/30/2026 16:00,ENB_10021,10021_1,LHR_Gulberg_S1,3600,0,330,326,323,321,321,319,63,63,186,183,3,3,354,9054318,1227993,123245,42720,86,100,61,100,33.1,63,15.2,9.6
7/30/2026 17:00,ENB_10021,10021_1,LHR_Gulberg_S1,3600,0,564,556,554,551,551,547,105,104,195,191,4,6,618,6825016,1276864,143579,43971,87,100,83,100,42,89,21.1,15
7/30/2026 18:00,ENB_10021,10021_1,LHR_Gulberg_S1,3600,0,449,442,436,434,434,431,119,118,286,280,6,5,501,9905133,1898525,143600,84823,98,100,90,100,41.8,93,20.8,17.4
7/30/2026 19:00,ENB_10021,10021_1,LHR_Gulberg_S1,3600,0,475,467,462,459,459,455,151,150,191,187,4,5,577,7551939,889120,103333,41223,98,100,81,100,33,55,15.3,10.3
7/30/2026 20:00,ENB_10021,10021_1,LHR_Gulberg_S1,3600,0,650,640,640,637,637,633,111,110,188,184,4,7,713,9387330,952592,160113,34790,86,100,66,100,40.9,91,17.2,11.4
7/30/2026 21:00,ENB_10021,10021_1,LHR_Gulberg_S1,3600,0,422,416,412,410,410,408,130,129,193,190,3,4,487,5289266,1098284,115310,59008,68,100,61,100,26.4,62,13.1,7.6
7/30/2026 22:00,ENB_10021,10021_1,LHR_Gulberg_S1,3600,0,223,221,220,219,219,218,43,43,190,187,3,1,250,5773778,1061073,82319,68008,49,100,34,100,23.9,51,7.4,4.1
7/30/2026 23:00,ENB_10021,10021_1,LHR_Gulberg_S1,3600,0,190,189,187,187,187,186,55,55,57,56,1,1,233,2182352,449777,32923,25560,29,100,21,100,13.5,28,6.9,4.1
7/31/2026 0:00,ENB_10021,10021_1,LHR_Gulberg_S1,3600,0,61,61,60,60,60,60,16,16,53,53,0,0,72,1529608,227123,25827,13529,15,100,11,100,6.2,14,2.8,2
7/31/2026 1:00,ENB_10021,10021_1,LHR_Gulberg_S1,3600,0,48,48,48,48,48,48,10,10,25,25,0,0,52,1058004,177631,16016,7186,11,100,8,100,4.1,8,1.9,1.3
7/31/2026 2:00,ENB_10021,10021_1,LHR_Gulberg_S1,3600,0,42,42,42,42,42,42,14,14,27,27,0,0,52,972913,154982,20070,9638,9,100,5,100,3.4,7,1.6,1
7/31/2026 3:00,ENB_10021,10021_1,LHR_Gulberg_S1,3600,0,24,24,24,24,24,24,5,5,12,12,0,0,26,901877,197922,13231,10065,8,100,6,100,2.7,5,1,0.8
7/31/2026 4:00,ENB_10021,10021_1,LHR_Gulberg_S1,3600,0,35,35,35,35,35,35,12,12,31,31,0,0,44,787088,115788,16605,4398,8,100,6,100,3.5,6,1.2,0.9
7/31/2026 5:00,ENB_10021,10021_1,LHR_Gulberg_S1,3600,0,48,48,48,48,48,48,12,12,35,35,0,0,54,1324538,238979,19511,15057,13,100,10,100,4.4,10,1.4,0.8
7/31/2026 6:00,ENB_10021,10021_1,LHR_Gulberg_S1,3600,558,131,130,129,129,129,129,41,41,69,68,1,1,157,2099235,441008,32839,24968,23,100,16,100,10.5,21,5.1,4.1
7/31/2026 7:00,ENB_10021,10021_1,LHR_Gulberg_S1,3600,0,179,177,176,175,175,174,61,61,127,125,2,1,222,4585957,988665,66987,35307,39,100,35,100,16.4,30,7.4,4.1
7/31/2026 8:00,ENB_10021,10021_1,LHR_Gulberg_S1,3600,0,291,287,286,285,285,283,63,63,208,205,3,2,314,8088386,1260145,108806,59515,71,100,42,100,26.5,56,14.4,12.1
7/31/2026 9:00,ENB_10021,10021_1,LHR_Gulberg_S1,3600,0,380,376,371,369,369,367,105,104,272,267,5,4,447,8360430,885166,160666,36384,81,100,46,100,32.8,77,16.6,9.3
7/31/2026 10:00,ENB_10021,10021_1,LHR_Gulberg_S1,3600,0,441,436,435,433,433,430,95,94,223,219,4,4,503,6338469,1308177,125197,80394,75,100,63,100,32.2,52,12.9,10.6
7/31/2026 11:00,ENB_10021,10021_1,LHR_Gulberg_S1,3600,0,489,482,480,478,478,475,129,128,243,239,4,5,559,7007966,757281,137251,49609,80,100,63,100,37.6,69,15.1,8.9
7/31/2026 12:00,ENB_10021,10021_1,LHR_Gulberg_S1,3600,0,324,319,315,314,314,312,68,68,227,223,4,3,366,8076303,1097779,154597,55339,72,100,67,100,29.5,70,14.4,10.3
7/31/2026 13:00,ENB_10021,10021_1,LHR_Gulberg_S1,3600,0,374,369,367,365,365,363,114,113,149,146,3,4,458,5517539,984057,74905,43368,75,100,47,100,30.4,68,15.1,10.3
7/31/2026 14:00,ENB_10021,10021_1,LHR_Gulberg_S1,3600,0,316,312,309,308,308,306,49,49,111,109,2,3,322,6215034,846790,109374,39851,71,100,51,100,26,42,9.4,5.4
7/31/2026 15:00,ENB_10021,10021_1,LHR_Gulberg_S1,3600,0,313,308,307,306,306,304,62,62,166,163,3,3,338,6649838,928905,91204,59059,83,100,68,100,26.1,52,11,7.2
7/31/2026 16:00,ENB_10021,10021_1,LHR_Gulberg_S1,3600,0,289,286,282,281,281,279,77,76,195,191,4,3,326,5896836,1193545,92756,68433,93,100,75,100,28.1,48,14.9,8.2
7/31/2026 17:00,ENB_10021,10021_1,LHR_Gulberg_S1,3600,0,506,498,493,490,490,486,152,151,266,261,5,5,600,6866281,711211,123953,46528,90,100,79,100,43.9,86,19.8,16.7
7/31/2026 18:00,ENB_10021,10021_1,LHR_Gulberg_S1,3600,0,435,429,427,425,425,422,78,77,177,174,3,5,467,12610236,2145716,258368,75395,98,100,79,100,44.1,82,23,16.8
7/31/2026 19:00,ENB_10021,10021_1,LHR_Gulberg_S1,3600,0,492,484,477,474,474,470,128,127,190,186,4,6,547,9943765,1467103,152211,56674,98,100,84,100,36.1,59,16.2,10.3
7/31/2026 20:00,ENB_10021,10021_1,LHR_Gulberg_S1,3600,0,434,428,422,420,420,417,138,137,163,159,4,5,514,6993889,866858,98826,30216,85,100,68,100,34.4,69,10.4,8.2
7/31/2026 21:00,ENB_10021,10021_1,LHR_Gulberg_S1,3600,0,475,469,466,464,464,461,79,79,269,265,4,5,520,5868126,1110437,128422,37403,73,100,61,100,33.7,64,14.5,11.2
7/31/2026 22:00,ENB_10021,10021_1,LHR_Gulberg_S1,3600,0,237,235,235,234,234,233,57,57,119,117,2,2,265,4067582,740900,73709,25266,51,100,34,100,20,37,9,6.6
7/31/2026 23:00,ENB_10021,10021_1,LHR_Gulberg_S1,3600,0,182,181,179,179,179,178,28,28,104,103,1,1,192,2347109,305810,43592,11552,35,100,28,100,14.4,26,5.1,3.1
8/1/2026 0:00,ENB_10021,10021_1,LHR_Gulberg_S1,3600,0,72,72,71,71,71,71,23,23,31,31,0,0,89,1067185,215819,17068,8292,13,100,10,100,6.6,15,2.1,1.2
8/1/2026 1:00,ENB_10021,10021_1,LHR_Gulberg_S1,3600,0,39,39,38,38,38,38,8,8,24,24,0,0,44,755885,140012,10716,4979,9,100,7,100,4,9,1.4,1.2
8/1/2026 2:00,ENB_10021,10021_1,LHR_Gulberg_S1,3600,0,37,37,37,37,37,37,9,9,12,12,0,0,43,900518,142141,12236,8144,8,100,5,100,2.6,5,1.4,1.1
8/1/2026 3:00,ENB_10021,10021_1,LHR_Gulberg_S1,3600,0,27,27,27,27,27,27,7,7,16,16,0,0,31,610944,72302,8413,3593,6,100,5,100,2.1,4,1.1,0.7
8/1/2026 4:00,ENB_10021,10021_1,LHR_Gulberg_S1,3600,0,47,47,47,47,47,47,7,7,13,13,0,0,52,556077,65772,8693,3148,8,100,5,100,3.1,7,1.5,0.9
8/1/2026 5:00,ENB_10021,10021_1,LHR_Gulberg_S1,3600,0,67,67,66,66,66,66,19,19,27,27,0,0,82,1223604,267990,20078,10763,11,100,10,100,4.3,9,1.9,1.3
8/1/2026 6:00,ENB_10021,10021_1,LHR_Gulberg_S1,3600,0,110,109,108,108,108,108,30,30,54,54,0,1,128,1486285,267678,22984,10731,19,100,15,100,8.8,17,3.9,3
8/1/2026 7:00,ENB_10021,10021_1,LHR_Gulberg_S1,3600,0,161,160,158,158,158,157,33,33,81,80,1,1,180,3977785,852641,62838,45289,39,100,26,100,16.3,37,5.9,4.4
8/1/2026 8:00,ENB_10021,10021_1,LHR_Gulberg_S1,3600,0,329,325,322,321,321,319,108,107,146,144,2,3,409,5941212,832324,113542,29011,64,100,49,100,21.8,47,6.7,4.5
8/1/2026 9:00,ENB_10021,10021_1,LHR_Gulberg_S1,3600,0,343,339,337,336,336,334,70,70,170,167,3,3,371,7380921,1500308,147527,99275,63,100,55,100,28.1,62,13.8,9.6
8/1/2026 10:00,ENB_10021,10021_1,LHR_Gulberg_S1,3600,0,360,356,351,350,350,348,82,82,200,197,3,3,406,5038459,981938,94852,34731,70,100,44,100,22.5,50,7.4,4.9
8/1/2026 11:00,ENB_10021,10021_1,LHR_Gulberg_S1,3600,0,329,325,325,324,324,322,113,112,182,178,4,3,406,5955748,925196,103142,58663,73,100,50,100,23.9,46,10.5,7.3
8/1/2026 12:00,ENB_10021,10021_1,LHR_Gulberg_S1,3600,0,431,425,422,420,420,418,138,137,135,133,2,4,505,6619753,715610,142103,47683,68,100,57,100,30.3,68,12.2,7.9
8/1/2026 13:00,ENB_10021,10021_1,LHR_Gulberg_S1,3600,0,414,409,406,404,404,402,127,126,212,209,3,3,479,7249720,1163590,107391,52962,65,100,45,100,27.6,62,9.4,5.6
8/1/2026 14:00,ENB_10021,10021_1,LHR_Gulberg_S1,3600,0,304,300,297,296,296,294,103,102,186,183,3,3,360,8031143,1743332,112819,97477,65,100,55,100,29.8,51,9.6,5.8
8/1/2026 15:00,ENB_10021,10021_1,LHR_Gulberg_S1,3600,0,436,432,426,424,424,422,115,114,190,186,4,4,501,8267515,1383542,146170,72587,74,100,51,100,31.2,64,13.7,10.9
8/1/2026 16:00,ENB_10021,10021_1,LHR_Gulberg_S1,3600,0,490,484,478,476,476,473,156,155,278,274,4,5,586,6069248,1033548,119322,41025,72,100,49,100,32.1,53,9.7,5.9
8/1/2026 17:00,ENB_10021,10021_1,LHR_Gulberg_S1,3600,0,358,353,348,346,346,344,77,76,160,157,3,3,386,10024530,1122544,207883,67098,87,100,55,100,31.9,56,10.7,8.6
8/1/2026 18:00,ENB_10021,10021_1,LHR_Gulberg_S1,3600,0,375,370,366,364,364,361,124,123,195,191,4,5,455,8884053,1414702,119850,68307,92,100,73,100,40.3,91,17.4,14.8
8/1/2026 19:00,ENB_10021,10021_1,LHR_Gulberg_S1,3600,0,423,417,413,411,411,408,97,96,279,274,5,5,476,7598284,1171090,122478,53408,93,100,68,100,32.3,57,10.5,8.5
8/1/2026 20:00,ENB_10021,10021_1,LHR_Gulberg_S1,3600,0,410,405,400,398,398,395,104,103,237,232,5,4,475,7990468,1440471,171553,49360,78,100,69,100,29.2,56,9.5,5.7
8/1/2026 21:00,ENB_10021,10021_1,LHR_Gulberg_S1,3600,0,188,186,186,185,185,184,46,46,163,160,3,1,214,7610498,1101751,122844,57819,61,100,54,100,20.5,34,9.7,6.9
8/1/2026 22:00,ENB_10021,10021_1,LHR_Gulberg_S1,3600,0,191,189,189,188,188,187,42,42,119,117,2,1,208,5706415,986442,98813,48003,46,100,30,100,18.6,44,10,8.1
8/1/2026 23:00,ENB_10021,10021_1,LHR_Gulberg_S1,3600,0,114,113,112,112,112,112,32,32,73,72,1,1,131,1945746,302383,32072,16601,26,100,19,100,12.5,23,4.7,3.8
8/2/2026 0:00,ENB_10021,10021_1,LHR_Gulberg_S1,3600,0,67,67,67,67,67,67,22,22,26,26,0,0,84,1257279,275627,17045,17662,14,100,9,100,4.3,10,1.7,1.4
8/2/2026 1:00,ENB_10021,10021_1,LHR_Gulberg_S1,3600,0,26,26,26,26,26,26,7,7,16,16,0,0,32,610358,131990,11236,7398,8,100,8,100,2.8,6,1.4,0.8
8/2/2026 2:00,ENB_10021,10021_1,LHR_Gulberg_S1,3600,0,46,46,45,45,45,45,14,14,26,26,0,0,55,736358,116310,12546,5593,7,100,5,100,3.1,7,1.6,1.3
8/2/2026 3:00,ENB_10021,10021_1,LHR_Gulberg_S1,3600,0,26,26,26,26,26,26,5,5,12,12,0,0,30,736438,94532,15846,5463,5,100,4,100,2,4,0.8,0.7
8/2/2026 4:00,ENB_10021,10021_1,LHR_Gulberg_S1,3600,0,46,46,46,46,46,46,16,16,16,16,0,0,57,829466,120602,12176,5219,6,100,5,100,3.2,6,1.4,0.9
8/2/2026 5:00,ENB_10021,10021_1,LHR_Gulberg_S1,3600,0,44,44,43,43,43,43,7,7,28,28,0,0,47,1272683,201534,21448,9450,9,100,8,100,4.3,8,1.5,1.2
8/2/2026 6:00,ENB_10021,10021_1,LHR_Gulberg_S1,3600,0,119,118,116,116,116,116,36,36,48,47,1,1,144,2185925,384128,39436,15403,20,100,17,100,7.9,13,4.3,3
8/2/2026 7:00,ENB_10021,10021_1,LHR_Gulberg_S1,3600,0,160,159,158,158,158,157,28,28,101,100,1,1,169,2846307,322449,38630,18621,32,100,24,100,13.1,30,5.6,4.3
8/2/2026 8:00,ENB_10021,10021_1,LHR_Gulberg_S1,3600,0,278,275,271,270,270,269,55,55,163,160,3,2,299,3804635,600123,55569,22888,58,100,40,100,24.2,53,11.5,7
8/2/2026 9:00,ENB_10021,10021_1,LHR_Gulberg_S1,3600,0,249,247,246,245,245,244,52,52,131,129,2,2,272,5308080,681131,78181,23528,61,100,48,100,21.2,40,7.3,5
8/2/2026 10:00,ENB_10021,10021_1,LHR_Gulberg_S1,3600,0,424,419,413,411,411,409,63,63,176,173,3,3,441,6096042,1221608,126317,66472,67,100,53,100,29.2,61,15.3,12.6
8/2/2026 11:00,ENB_10021,10021_1,LHR_Gulberg_S1,3600,0,317,313,313,312,312,310,68,68,141,139,2,2,355,4558942,975227,79860,35448,68,100,43,100,29.2,67,11,7.4
8/2/2026 12:00,ENB_10021,10021_1,LHR_Gulberg_S1,3600,355,381,376,372,371,371,369,76,76,170,167,3,3,431,5125543,989716,75204,47871,68,100,43,100,27.8,50,14.7,8.7
8/2/2026 13:00,ENB_10021,10021_1,LHR_Gulberg_S1,3600,0,421,417,413,411,411,409,123,122,143,141,2,3,492,5761796,1172052,89653,46224,68,100,45,100,28.8,47,10.1,7.1
8/2/2026 14:00,ENB_10021,10021_1,LHR_Gulberg_S1,3600,0,283,280,277,276,276,275,52,52,233,229,4,2,305,7161320,944748,134551,50197,59,100,56,100,29.3,53,14.1,11
8/2/2026 15:00,ENB_10021,10021_1,LHR_Gulberg_S1,3600,0,237,234,233,232,232,231,45,45,193,190,3,2,266,4713373,961956,87004,39613,72,100,44,100,23.5,53,9.4,5.3
8/2/2026 16:00,ENB_10021,10021_1,LHR_Gulberg_S1,3600,0,413,408,407,405,405,403,121,120,169,166,3,3,481,6756935,1148120,118849,42835,78,100,48,100,32.6,71,13.4,10.9
8/2/2026 17:00,ENB_10021,10021_1,LHR_Gulberg_S1,3600,0,512,505,504,502,502,499,174,173,207,203,4,5,621,5626694,841106,78953,43669,83,100,56,100,32.6,66,11.3,8.9
8/2/2026 18:00,ENB_10021,10021_1,LHR_Gulberg_S1,3600,0,516,509,508,506,506,503,78,77,265,260,5,5,531,6065371,860028,85484,55617,85,100,76,100,39,72,19.2,12.5
8/2/2026 19:00,ENB_10021,10021_1,LHR_Gulberg_S1,3600,0,537,531,527,525,525,522,161,160,146,143,3,5,626,8768026,1545516,130244,67272,82,100,61,100,35.3,64,18.3,14.1
8/2/2026 20:00,ENB_10021,10021_1,LHR_Gulberg_S1,3600,0,330,326,326,325,325,323,107,106,122,120,2,3,414,5298465,606215,112401,20311,67,100,48,100,25.3,58,12.7,8.3
8/2/2026 21:00,ENB_10021,10021_1,LHR_Gulberg_S1,3600,0,329,325,324,323,323,321,77,77,118,116,2,3,368,4940845,585114,94308,21176,59,100,49,100,24.4,54,11.2,9.1
8/2/2026 22:00,ENB_10021,10021_1,LHR_Gulberg_S1,3600,0,194,192,190,189,189,188,50,50,99,98,1,1,219,4405831,512000,66952,20381,45,100,27,100,14.1,31,5.3,3.3
8/2/2026 23:00,ENB_10021,10021_1,LHR_Gulberg_S1,3600,0,138,137,137,137,137,137,36,36,63,62,1,1,165,3084806,490538,50687,20414,27,100,16,100,9.8,16,3.5,2.4
8/3/2026 0:00,ENB_10021,10021_1,LHR_Gulberg_S1,3600,0,93,92,91,91,91,91,18,18,36,36,0,0,99,1648732,171234,26550,9890,17,100,10,100,5.9,14,2.5,1.7
8/3/2026 1:00,ENB_10021,10021_1,LHR_Gulberg_S1,3600,0,39,39,39,39,39,39,12,12,18,18,0,0,49,824555,108466,13199,3627,11,100,8,100,3.7,8,1.5,1.2
8/3/2026 2:00,ENB_10021,10021_1,LHR_Gulberg_S1,3600,0,54,54,54,54,54,54,19,19,29,29,0,0,71,691669,114592,11188,5074,8,100,6,100,3.6,9,1.3,0.9
8/3/2026 3:00,ENB_10021,10021_1,LHR_Gulberg_S1,3600,0,38,38,38,38,38,38,11,11,14,14,0,0,46,738530,98227,15731,6207,7,100,4,100,2.6,5,0.9,0.5
8/3/2026 4:00,ENB_10021,10021_1,LHR_Gulberg_S1,3600,0,26,26,26,26,26,26,4,4,18,18,0,0,27,637977,114324,9558,4765,9,100,6,100,2.7,6,1.1,0.8
8/3/2026 5:00,ENB_10021,10021_1,LHR_Gulberg_S1,3600,0,54,54,53,53,53,53,13,13,37,37,0,0,62,1304141,146502,22011,6091,12,100,8,100,4.7,9,1.7,0.9
8/3/2026 6:00,ENB_10021,10021_1,LHR_Gulberg_S1,3600,0,133,132,132,132,132,132,20,20,34,34,0,1,147,2714219,566480,36619,24360,20,100,19,100,8.6,17,3,2.4
8/3/2026 7:00,ENB_10021,10021_1,LHR_Gulberg_S1,3600,0,236,234,233,232,232,231,74,74,92,91,1,2,285,4395840,634226,87489,34669,41,100,36,100,16.6,32,7.4,4.4
8/3/2026 8:00,ENB_10021,10021_1,LHR_Gulberg_S1,3600,0,233,230,230,229,229,228,46,46,103,102,1,2,260,6605848,929894,140140,42020,67,100,44,100,21.9,50,8.6,6.9
8/3/2026 9:00,ENB_10021,10021_1,LHR_Gulberg_S1,3600,0,496,490,484,482,482,479,158,157,151,148,3,4,594,4963823,667094,100904,30861,70,100,54,100,31.7,64,16.2,11.1
8/3/2026 10:00,ENB_10021,10021_1,LHR_Gulberg_S1,3600,0,227,225,222,221,221,220,53,53,137,135,2,2,253,7341076,753340,121432,37345,72,100,47,100,23.3,49,9.2,6.8
8/3/2026 11:00,ENB_10021,10021_1,LHR_Gulberg_S1,3600,0,386,381,379,377,377,375,127,126,218,214,4,3,485,5742065,805924,76941,52870,76,100,65,100,35.1,57,15.8,12.3
8/3/2026 12:00,ENB_10021,10021_1,LHR_Gulberg_S1,3600,0,269,265,262,261,261,259,65,65,249,245,4,2,294,9010145,1180872,149829,42336,74,100,51,100,28.8,69,12.1,7.1
8/3/2026 13:00,ENB_10021,10021_1,LHR_Gulberg_S1,3600,0,300,297,294,293,293,291,56,56,199,196,3,2,329,6277282,890516,94392,40482,70,100,62,100,27,55,14.7,8.9
8/3/2026 14:00,ENB_10021,10021_1,LHR_Gulberg_S1,3600,0,324,320,316,315,315,313,94,93,226,222,4,3,369,8036535,1491825,107463,74135,70,100,57,100,26.1,61,10.1,5.6
8/3/2026 15:00,ENB_10021,10021_1,LHR_Gulberg_S1,3600,0,293,290,286,285,285,283,56,56,145,143,2,2,312,6999943,1023533,126879,51385,73,100,49,100,27,57,8.2,6.8
8/3/2026 16:00,ENB_10021,10021_1,LHR_Gulberg_S1,3600,0,457,451,449,447,447,444,135,134,222,218,4,5,554,9353048,1281509,128340,78069,93,100,69,100,36,86,19.1,13.4
8/3/2026 17:00,ENB_10021,10021_1,LHR_Gulberg_S1,3600,0,502,494,487,485,485,482,100,99,237,233,4,4,540,8149071,1230610,114161,64582,98,100,67,100,38.1,62,18.7,14.8
8/3/2026 18:00,ENB_10021,10021_1,LHR_Gulberg_S1,3600,0,400,394,391,389,389,386,91,90,352,344,8,4,456,12322528,2471608,250137,107945,95,100,86,100,39.8,77,14.5,10.2
8/3/2026 19:00,ENB_10021,10021_1,LHR_Gulberg_S1,3600,0,480,474,471,468,468,464,147,146,181,177,4,5,552,7121709,1512980,99130,85048,93,100,75,100,34.2,80,11.3,8.1
8/3/2026 20:00,ENB_10021,10021_1,LHR_Gulberg_S1,3600,0,402,396,393,391,391,388,131,130,285,279,6,4,469,7319352,1043884,124960,49141,81,100,75,100,33,57,10.8,9.2
8/3/2026 21:00,ENB_10021,10021_1,LHR_Gulberg_S1,3600,0,342,338,333,332,332,330,113,112,141,139,2,4,421,6241105,1026417,115777,64516,70,100,49,100,30.1,50,9.3,7
8/3/2026 22:00,ENB_10021,10021_1,LHR_Gulberg_S1,3600,0,199,197,196,195,195,194,44,44,115,113,2,2,224,5666905,606621,97920,23813,57,100,38,100,17.5,32,8,5.3
8/3/2026 23:00,ENB_10021,10021_1,LHR_Gulberg_S1,3600,0,172,170,169,169,169,168,46,46,102,101,1,1,204,2995125,377243,42298,15257,30,100,20,100,12.2,21,6,4.2
8/4/2026 0:00,ENB_10021,10021_1,LHR_Gulberg_S1,3600,0,94,94,93,93,93,93,32,32,36,36,0,1,119,1078123,202059,23288,13406,16,100,14,100,6.6,12,2.1,1.7
8/4/2026 1:00,ENB_10021,10021_1,LHR_Gulberg_S1,3600,0,50,50,50,50,50,50,16,16,23,23,0,0,64,900011,121049,17916,4575,10,100,9,100,4,8,1.6,1.1
8/4/2026 2:00,ENB_10021,10021_1,LHR_Gulberg_S1,3600,0,42,42,41,41,41,41,11,11,15,15,0,0,49,620950,94016,9452,3355,8,100,6,100,2.7,5,0.9,0.5
8/4/2026 3:00,ENB_10021,10021_1,LHR_Gulberg_S1,3600,0,34,34,34,34,34,34,11,11,10,10,0,0,41,582348,96549,10077,3585,7,100,5,100,2.5,4,1.2,0.8
8/4/2026 4:00,ENB_10021,10021_1,LHR_Gulberg_S1,3600,0,42,42,42,42,42,42,9,9,18,18,0,0,47,708308,96796,13485,4727,8,100,7,100,2.8,6,0.9,0.6
8/4/2026 5:00,ENB_10021,10021_1,LHR_Gulberg_S1,3600,0,41,41,40,40,40,40,12,12,32,32,0,0,50,1247021,237843,22358,15685,13,100,11,100,4.2,9,2.1,1.3
8/4/2026 6:00,ENB_10021,10021_1,LHR_Gulberg_S1,3600,0,113,112,112,112,112,112,35,35,42,42,0,1,135,2719699,494516,36635,23267,23,100,17,100,7.8,13,3.4,2.5
8/4/2026 7:00,ENB_10021,10021_1,LHR_Gulberg_S1,3600,0,143,142,142,142,142,141,24,24,63,62,1,1,159,4248344,810932,60824,31462,43,100,29,100,14.5,29,4.6,3.8
8/4/2026 8:00,ENB_10021,10021_1,LHR_Gulberg_S1,3600,0,425,419,414,412,412,410,78,78,204,201,3,3,458,5767574,980242,92199,39430,68,100,51,100,29.8,62,13.9,9.4
8/4/2026 9:00,ENB_10021,10021_1,LHR_Gulberg_S1,3600,0,325,321,320,319,319,317,91,90,152,149,3,3,369,8229406,1408996,131165,70173,72,100,62,100,29.8,61,13.5,7.8
8/4/2026 10:00,ENB_10021,10021_1,LHR_Gulberg_S1,3600,0,304,300,300,299,299,297,75,75,167,164,3,2,341,6610430,1273834,95691,76450,77,100,66,100,29.5,56,9.2,5.5
8/4/2026 11:00,ENB_10021,10021_1,LHR_Gulberg_S1,3600,0,321,317,316,315,315,313,79,78,218,214,4,3,353,6424247,683534,87750,23525,79,100,62,100,25,58,13,9.2
8/4/2026 12:00,ENB_10021,10021_1,LHR_Gulberg_S1,3600,0,426,421,416,414,414,411,108,107,195,192,3,4,474,7730076,1619178,156069,56414,83,100,64,100,28.7,49,9.3,5.8
8/4/2026 13:00,ENB_10021,10021_1,LHR_Gulberg_S1,3600,0,474,468,466,464,464,461,105,104,197,194,3,4,509,6339011,823939,104215,39940,82,100,49,100,30.2,64,14.3,7.9
8/4/2026 14:00,ENB_10021,10021_1,LHR_Gulberg_S1,3600,0,431,426,424,422,422,419,65,65,114,112,2,4,444,8059746,1528191,133225,63518,75,100,48,100,27.6,56,11.7,8.7
8/4/2026 15:00,ENB_10021,10021_1,LHR_Gulberg_S1,3600,0,479,472,469,467,467,464,128,127,155,152,3,5,561,5545152,1110938,117228,61996,72,100,60,100,33.6,81,10.2,7.3
8/4/2026 16:00,ENB_10021,10021_1,LHR_Gulberg_S1,3600,0,439,433,427,425,425,422,89,88,174,170,4,4,492,10226072,1527206,157271,69891,90,100,53,100,28.8,57,11.6,9
8/4/2026 17:00,ENB_10021,10021_1,LHR_Gulberg_S1,3600,0,580,571,567,564,564,560,172,171,190,186,4,6,672,10557842,2198755,148026,74803,88,100,82,100,38.2,68,17.8,11.7
8/4/2026 18:00,ENB_10021,10021_1,LHR_Gulberg_S1,3600,0,416,410,407,405,405,402,133,132,239,234,5,5,504,8103345,1610558,159040,62548,98,100,80,100,39,80,15,9.6
8/4/2026 19:00,ENB_10021,10021_1,LHR_Gulberg_S1,3600,0,482,474,474,471,471,467,110,109,221,216,5,6,551,8783148,1474303,182305,80183,98,100,72,100,35.3,81,17,13.5
8/4/2026 20:00,ENB_10021,10021_1,LHR_Gulberg_S1,3600,0,294,290,288,287,287,285,78,77,197,193,4,3,337,8383806,1313385,120569,50158,86,100,74,100,31,62,15.5,12.7
8/4/2026 21:00,ENB_10021,10021_1,LHR_Gulberg_S1,3600,0,261,258,255,254,254,253,64,64,205,201,4,2,306,8421844,1009812,121021,65224,71,100,62,100,24.5,51,9.1,7
8/4/2026 22:00,ENB_10021,10021_1,LHR_Gulberg_S1,3600,0,252,249,246,245,245,244,45,45,107,106,1,2,273,3883601,789410,74985,35011,58,100,32,100,20.6,39,10.3,7.9
8/4/2026 23:00,ENB_10021,10021_1,LHR_Gulberg_S1,3600,0,124,123,123,123,123,123,22,22,49,48,1,1,134,3053030,427703,57430,19529,29,100,24,100,12.2,27,4.8,3.2
8/5/2026 0:00,ENB_10021,10021_1,LHR_Gulberg_S1,3600,0,90,90,90,90,90,90,17,17,26,26,0,0,98,1689890,338799,35634,12001,17,100,13,100,6.3,11,3.2,2
8/5/2026 1:00,ENB_10021,10021_1,LHR_Gulberg_S1,3600,0,42,42,41,41,41,41,14,14,35,35,0,0,51,797383,156240,11133,9931,11,100,7,100,4.4,9,2,1.7
8/5/2026 2:00,ENB_10021,10021_1,LHR_Gulberg_S1,3600,0,32,32,32,32,32,32,6,6,22,22,0,0,36,742663,148758,15716,5700,9,100,7,100,3.3,6,1.1,0.6
8/5/2026 3:00,ENB_10021,10021_1,LHR_Gulberg_S1,3600,348,48,48,47,47,47,47,13,13,17,17,0,0,54,567196,68001,12238,2420,8,100,5,100,3,6,1.4,1.1
8/5/2026 4:00,ENB_10021,10021_1,LHR_Gulberg_S1,3600,0,32,32,32,32,32,32,11,11,18,18,0,0,42,942733,177576,18249,8158,8,100,7,100,3,6,1.2,1
8/5/2026 5:00,ENB_10021,10021_1,LHR_Gulberg_S1,3600,0,48,48,48,48,48,48,11,11,36,36,0,0,54,888299,170643,15780,8242,12,100,11,100,5.2,11,1.9,1.3
8/5/2026 6:00,ENB_10021,10021_1,LHR_Gulberg_S1,3600,172,141,140,139,139,139,139,35,35,60,59,1,1,160,2074564,346104,28449,22267,24,100,17,100,9.9,23,4.6,3.1
8/5/2026 7:00,ENB_10021,10021_1,LHR_Gulberg_S1,3600,0,176,175,173,173,173,172,29,29,93,92,1,1,189,2867359,610644,59428,36127,39,100,37,100,13.9,25,5.1,3.4
8/5/2026 8:00,ENB_10021,10021_1,LHR_Gulberg_S1,3600,0,276,273,271,270,270,269,61,61,238,234,4,2,319,6711738,1450734,143634,50298,66,100,53,100,26.5,63,8.5,7.2
8/5/2026 9:00,ENB_10021,10021_1,LHR_Gulberg_S1,3600,0,311,307,303,302,302,300,88,87,139,136,3,3,375,5164458,881959,78823,37023,72,100,59,100,29.1,62,12,7.2
8/5/2026 10:00,ENB_10021,10021_1,LHR_Gulberg_S1,3600,0,320,316,312,311,311,309,62,62,133,130,3,3,334,5770090,773377,100265,38930,81,100,67,100,26.1,53,13.6,10.2
8/5/2026 11:00,ENB_10021,10021_1,LHR_Gulberg_S1,3600,0,334,330,326,325,325,323,50,50,211,207,4,3,342,5712395,977171,108365,42221,76,100,55,100,26.5,59,8.9,7.4
8/5/2026 12:00,ENB_10021,10021_1,LHR_Gulberg_S1,3600,0,405,400,399,397,397,395,111,110,218,214,4,4,480,6318593,707311,99997,44220,73,100,48,100,26.1,52,12.1,7.1
8/5/2026 13:00,ENB_10021,10021_1,LHR_Gulberg_S1,3600,0,280,276,274,273,273,271,67,67,223,220,3,2,320,8436203,1445050,161163,55186,68,100,62,100,25.1,53,12.5,10
8/5/2026 14:00,ENB_10021,10021_1,LHR_Gulberg_S1,3600,0,389,384,382,380,380,378,78,78,114,112,2,4,433,6216468,915002,92411,41377,79,100,54,100,25.6,43,12.5,8
8/5/2026 15:00,ENB_10021,10021_1,LHR_Gulberg_S1,3600,0,421,416,411,409,409,406,80,79,205,202,3,4,470,6322477,1114431,112117,38609,87,100,60,100,29,66,13.1,8.7
8/5/2026 16:00,ENB_10021,10021_1,LHR_Gulberg_S1,3600,0,429,423,417,415,415,412,116,115,259,254,5,5,503,6489957,816881,122228,34084,85,100,59,100,40,79,18.4,15.2
8/5/2026 17:00,ENB_10021,10021_1,LHR_Gulberg_S1,3600,0,494,487,480,477,477,474,164,163,292,286,6,6,610,8102406,1404269,128072,73872,89,100,61,100,35,69,14.1,8.5
8/5/2026 18:00,ENB_10021,10021_1,LHR_Gulberg_S1,3600,0,545,536,535,532,532,528,173,172,395,387,8,7,675,7172973,789224,126489,41835,96,100,91,100,44.8,99,17,10.4
8/5/2026 19:00,ENB_10021,10021_1,LHR_Gulberg_S1,3600,0,521,513,507,504,504,500,170,169,348,340,8,6,616,9185623,1615692,184507,64370,95,100,69,100,46.1,102,21.2,16
8/5/2026 20:00,ENB_10021,10021_1,LHR_Gulberg_S1,3600,0,336,331,327,325,325,323,94,93,276,271,5,4,402,6186351,1154152,91203,41748,81,100,74,100,32.5,61,13.4,8.2
8/5/2026 21:00,ENB_10021,10021_1,LHR_Gulberg_S1,3600,0,390,385,383,381,381,379,111,110,105,103,2,3,469,6368965,731504,125908,36619,67,100,46,100,26.4,46,14.5,8.3
8/5/2026 22:00,ENB_10021,10021_1,LHR_Gulberg_S1,3600,0,265,262,261,260,260,259,44,44,133,131,2,2,277,5480644,1015516,73529,40346,47,100,45,100,19,45,10.3,6.1
8/5/2026 23:00,ENB_10021,10021_1,LHR_Gulberg_S1,3600,0,122,121,119,119,119,119,20,20,46,46,0,1,132,2450552,252953,39780,9920,33,100,23,100,9.9,20,5.3,3.3
7/30/2026 0:00,ENB_10021,10021_2,LHR_Gulberg_S2,3600,0,57,57,57,57,57,57,13,13,16,16,0,0,63,955416,175942,13903,7376,10,100,9,100,3.7,9,1.8,1.5
7/30/2026 1:00,ENB_10021,10021_2,LHR_Gulberg_S2,3600,0,33,33,33,33,33,33,6,6,11,11,0,0,37,691049,105538,14289,4634,7,100,5,100,2.3,4,0.9,0.6
7/30/2026 2:00,ENB_10021,10021_2,LHR_Gulberg_S2,3600,0,41,41,41,41,41,41,9,9,15,15,0,0,45,682850,107009,9210,4594,6,100,4,100,2.7,5,1.1,0.7
7/30/2026 3:00,ENB_10021,10021_2,LHR_Gulberg_S2,3600,0,20,20,20,20,20,20,3,3,11,11,0,0,21,564160,120835,11465,4111,5,100,4,100,2.3,4,0.9,0.6
7/30/2026 4:00,ENB_10021,10021_2,LHR_Gulberg_S2,3600,0,28,28,28,28,28,28,4,4,12,12,0,0,29,600443,90383,12587,4204,6,100,5,100,2.5,6,1,0.7
7/30/2026 5:00,ENB_10021,10021_2,LHR_Gulberg_S2,3600,0,42,42,41,41,41,41,14,14,30,30,0,0,51,614422,66005,13426,2751,8,100,8,100,3.4,7,1.9,1.4
7/30/2026 6:00,ENB_10021,10021_2,LHR_Gulberg_S2,3600,0,91,91,90,90,90,90,19,19,48,47,1,0,98,1629393,328526,28488,11847,16,100,11,100,6.4,13,2.4,1.4
7/30/2026 7:00,ENB_10021,10021_2,LHR_Gulberg_S2,3600,0,119,118,118,118,118,118,25,25,84,83,1,1,134,2140263,343211,32848,12743,30,100,24,100,10.5,17,3.8,2.5
7/30/2026 8:00,ENB_10021,10021_2,LHR_Gulberg_S2,3600,0,180,178,177,176,176,175,43,43,80,79,1,1,207,4543165,779479,83451,39062,48,100,36,100,14.5,25,4.5,2.9
7/30/2026 9:00,ENB_10021,10021_2,LHR_Gulberg_S2,3600,0,199,197,195,194,194,193,29,29,172,170,2,1,214,5937162,1250881,96219,69339,54,100,39,100,19.6,45,6.1,4.9
7/30/2026 10:00,ENB_10021,10021_2,LHR_Gulberg_S2,3600,0,319,316,315,314,314,313,105,104,150,148,2,2,377,3749969,750484,61776,26233,58,100,45,100,20.2,37,6.8,5.1
7/30/2026 11:00,ENB_10021,10021_2,LHR_Gulberg_S2,3600,0,192,190,187,186,186,185,39,39,153,151,2,1,205,6312012,1283182,114207,51564,54,100,36,100,19.4,39,6.3,4.7
7/30/2026 12:00,ENB_10021,10021_2,LHR_Gulberg_S2,3600,0,226,224,224,223,223,222,45,45,98,97,1,2,242,3617041,620499,68348,34825,48,100,38,100,17.5,40,9.3,7.4
7/30/2026 13:00,ENB_10021,10021_2,LHR_Gulberg_S2,3600,0,281,278,276,275,275,274,41,41,150,147,3,2,284,6126978,627728,89113,28838,56,100,32,100,19.1,41,9.3,6
7/30/2026 14:00,ENB_10021,10021_2,LHR_Gulberg_S2,3600,0,261,258,256,255,255,254,61,61,158,156,2,2,296,6156261,1287189,84375,54857,54,100,44,100,23.4,52,10.6,6.8
7/30/2026 15:00,ENB_10021,10021_2,LHR_Gulberg_S2,3600,0,326,323,321,320,320,318,86,86,161,159,2,3,364,6455868,1201094,95291,57522,62,100,42,100,23,50,11.2,8.4
7/30/2026 16:00,ENB_10021,10021_2,LHR_Gulberg_S2,3600,0,235,232,231,230,230,229,47,47,168,165,3,2,267,7132124,1359701,112702,77332,61,100,50,100,18.9,40,9,6.5
7/30/2026 17:00,ENB_10021,10021_2,LHR_Gulberg_S2,3600,0,356,353,349,348,348,346,110,109,121,119,2,3,425,5040459,930545,73199,50506,68,100,43,100,29.7,50,11.7,8.2
7/30/2026 18:00,ENB_10021,10021_2,LHR_Gulberg_S2,3600,0,375,370,367,365,365,363,128,127,276,271,5,4,445,6337973,1028698,117863,38119,74,100,64,100,33.2,68,17.3,10.7
7/30/2026 19:00,ENB_10021,10021_2,LHR_Gulberg_S2,3600,0,282,278,277,276,276,274,89,88,151,148,3,3,338,5227173,715319,89549,36064,68,100,59,100,27.5,60,11.7,9.6
7/30/2026 20:00,ENB_10021,10021_2,LHR_Gulberg_S2,3600,0,316,312,312,311,311,309,96,95,211,208,3,3,375,6991717,974425,101066,59773,56,100,56,100,26.8,44,13.2,10.4
7/30/2026 21:00,ENB_10021,10021_2,LHR_Gulberg_S2,3600,0,229,227,224,223,223,222,75,75,121,119,2,2,267,4096780,732200,74724,30225,56,100,40,100,23.2,55,9.5,6
7/30/2026 22:00,ENB_10021,10021_2,LHR_Gulberg_S2,3600,0,181,180,179,179,179,178,57,57,114,112,2,1,222,3782024,464327,78479,15752,38,100,27,100,13.6,23,5.2,4.3
7/30/2026 23:00,ENB_10021,10021_2,LHR_Gulberg_S2,3600,0,90,89,88,88,88,88,28,28,55,54,1,0,106,1957172,253744,27653,13039,21,100,15,100,7.1,16,2.5,2
7/31/2026 0:00,ENB_10021,10021_2,LHR_Gulberg_S2,3600,0,61,61,60,60,60,60,20,20,21,21,0,0,77,885790,102247,15706,4326,11,100,9,100,4.1,7,1.4,0.9
7/31/2026 1:00,ENB_10021,10021_2,LHR_Gulberg_S2,3600,0,35,35,35,35,35,35,10,10,17,17,0,0,41,541708,76793,7363,3170,7,100,5,100,2.7,6,1.4,0.9
7/31/2026 2:00,ENB_10021,10021_2,LHR_Gulberg_S2,3600,0,21,21,21,21,21,21,5,5,13,13,0,0,25,422076,49962,7683,1994,6,100,5,100,2,4,1,0.6
7/31/2026 3:00,ENB_10021,10021_2,LHR_Gulberg_S2,3600,0,33,33,33,33,33,33,11,11,14,14,0,0,41,477851,94790,6927,3221,5,100,4,100,2.3,5,1.1,0.9
7/31/2026 4:00,ENB_10021,10021_2,LHR_Gulberg_S2,3600,0,27,27,27,27,27,27,8,8,13,13,0,0,33,688434,111038,14431,4311,6,100,5,100,2.8,6,1.2,0.9
7/31/2026 5:00,ENB_10021,10021_2,LHR_Gulberg_S2,3600,0,44,44,44,44,44,44,9,9,14,14,0,0,49,766729,84805,14615,5342,10,100,7,100,3.1,5,1.3,0.9
7/31/2026 6:00,ENB_10021,10021_2,LHR_Gulberg_S2,3600,0,94,93,93,93,93,93,23,23,53,52,1,0,110,1182938,236983,16207,12885,17,100,14,100,6.9,14,3.7,3.1
7/31/2026 7:00,ENB_10021,10021_2,LHR_Gulberg_S2,3600,0,112,111,110,110,110,110,29,29,78,77,1,1,131,2466335,251245,48172,12763,28,100,19,100,10,19,4.7,2.9
7/31/2026 8:00,ENB_10021,10021_2,LHR_Gulberg_S2,3600,0,251,249,247,246,246,245,40,40,118,117,1,2,265,4892592,982987,71891,40259,47,100,29,100,19.4,41,10.3,8.2
7/31/2026 9:00,ENB_10021,10021_2,LHR_Gulberg_S2,3600,0,279,276,274,273,273,272,64,64,129,127,2,2,313,3631985,709702,67901,28120,54,100,42,100,20.9,38,8,6.6
7/31/2026 10:00,ENB_10021,10021_2,LHR_Gulberg_S2,3600,0,265,263,261,260,260,259,53,53,175,173,2,2,289,6038626,920917,91235,56771,54,100,34,100,25,50,12.1,9.2
7/31/2026 11:00,ENB_10021,10021_2,LHR_Gulberg_S2,3600,0,222,220,218,217,217,216,49,49,94,92,2,1,242,5060049,507177,68762,33149,55,100,46,100,20.6,49,7.8,5.6
7/31/2026 12:00,ENB_10021,10021_2,LHR_Gulberg_S2,3600,0,369,365,365,364,364,362,73,73,152,150,2,3,396,6490059,1131929,119452,53899,51,100,37,100,23.2,46,12.6,7.1
7/31/2026 13:00,ENB_10021,10021_2,LHR_Gulberg_S2,3600,0,319,315,314,313,313,312,81,81,148,146,2,2,376,4713121,695230,87043,30519,54,100,42,100,23.4,51,10.1,6.7
7/31/2026 14:00,ENB_10021,10021_2,LHR_Gulberg_S2,3600,0,200,198,197,196,196,195,62,62,128,126,2,2,234,5295595,552452,88388,29148,54,100,44,100,19.2,44,7.4,6.1
7/31/2026 15:00,ENB_10021,10021_2,LHR_Gulberg_S2,3600,0,253,251,251,250,250,249,48,48,104,102,2,2,269,7046886,1503272,106052,93755,60,100,52,100,19.1,32,6.6,4
7/31/2026 16:00,ENB_10021,10021_2,LHR_Gulberg_S2,3600,0,280,277,274,273,273,272,46,46,124,122,2,2,297,7390502,867629,121842,48323,56,100,41,100,20.2,39,7.7,4.5
7/31/2026 17:00,ENB_10021,10021_2,LHR_Gulberg_S2,3600,84,272,269,266,265,265,264,59,59,142,139,3,2,292,8271265,1799452,143368,111007,65,100,46,100,22.6,45,10.4,6
7/31/2026 18:00,ENB_10021,10021_2,LHR_Gulberg_S2,3600,0,330,325,321,320,320,318,82,81,136,134,2,3,364,7583268,998370,151148,34490,68,100,58,100,28.7,54,9.9,7.6
7/31/2026 19:00,ENB_10021,10021_2,LHR_Gulberg_S2,3600,0,264,261,258,257,257,256,85,84,181,178,3,3,325,6678602,1393306,110708,68548,74,100,55,100,25.1,49,8.1,6.2
7/31/2026 20:00,ENB_10021,10021_2,LHR_Gulberg_S2,3600,0,351,347,346,345,345,343,61,61,126,124,2,3,390,5211037,750425,78331,25661,66,100,49,100,23.8,44,12.2,8.1
7/31/2026 21:00,ENB_10021,10021_2,LHR_Gulberg_S2,3600,0,272,269,269,268,268,267,78,78,106,104,2,2,314,4339005,795885,60012,44927,51,100,42,100,23.2,53,8.7,7.2
7/31/2026 22:00,ENB_10021,10021_2,LHR_Gulberg_S2,3600,0,165,164,163,163,163,162,36,36,70,69,1,1,182,4442326,731709,69946,45451,35,100,24,100,12.7,21,5.1,3.8
7/31/2026 23:00,ENB_10021,10021_2,LHR_Gulberg_S2,3600,0,130,129,128,128,128,128,42,42,67,66,1,1,157,2645550,294868,39867,11377,25,100,17,100,10,17,3.5,2.3
8/1/2026 0:00,ENB_10021,10021_2,LHR_Gulberg_S2,3600,0,47,47,47,47,47,47,10,10,34,34,0,0,53,871829,191437,17585,8403,10,100,8,100,4.4,10,1.9,1.4
8/1/2026 1:00,ENB_10021,10021_2,LHR_Gulberg_S2,3600,0,35,35,35,35,35,35,11,11,16,16,0,0,44,452248,66010,7635,3506,6,100,5,100,2.8,6,1.1,0.8
8/1/2026 2:00,ENB_10021,10021_2,LHR_Gulberg_S2,3600,0,24,24,24,24,24,24,8,8,9,9,0,0,29,434173,88224,7632,3589,5,100,3,100,2,4,0.9,0.6
8/1/2026 3:00,ENB_10021,10021_2,LHR_Gulberg_S2,3600,0,29,29,29,29,29,29,8,8,13,13,0,0,35,494244,56980,7491,2559,5,100,4,100,1.8,4,1,0.8
8/1/2026 4:00,ENB_10021,10021_2,LHR_Gulberg_S2,3600,0,24,24,24,24,24,24,5,5,14,14,0,0,27,382001,47600,5521,2870,5,100,4,100,1.8,3,0.7,0.4
8/1/2026 5:00,ENB_10021,10021_2,LHR_Gulberg_S2,3600,0,37,37,37,37,37,37,6,6,19,19,0,0,40,957331,174371,18975,11463,8,100,5,100,2.7,4,1.1,0.7
8/1/2026 6:00,ENB_10021,10021_2,LHR_Gulberg_S2,3600,0,70,69,68,68,68,68,20,20,31,31,0,0,84,1668203,274319,25800,10257,16,100,11,100,6.5,14,2.2,1.6
8/1/2026 7:00,ENB_10021,10021_2,LHR_Gulberg_S2,3600,0,115,114,113,113,113,113,20,20,91,90,1,1,121,1804588,281191,24490,14657,29,100,23,100,11.2,20,5.7,3.2
8/1/2026 8:00,ENB_10021,10021_2,LHR_Gulberg_S2,3600,0,263,260,259,258,258,257,90,90,149,147,2,2,324,2823448,419479,39934,21694,43,100,25,100,17.9,39,7.7,5.2
8/1/2026 9:00,ENB_10021,10021_2,LHR_Gulberg_S2,3600,0,288,286,286,285,285,284,77,77,82,81,1,2,327,5157585,765156,88398,32096,47,100,37,100,18.8,32,9.9,5.9
8/1/2026 10:00,ENB_10021,10021_2,LHR_Gulberg_S2,3600,0,198,196,194,193,193,192,65,65,160,158,2,2,243,5331763,535135,83846,18439,51,100,40,100,20.1,48,7.8,4.3
8/1/2026 11:00,ENB_10021,10021_2,LHR_Gulberg_S2,3600,0,226,224,221,220,220,219,66,66,98,96,2,2,273,3485729,546865,49649,34063,44,100,31,100,21.7,44,9.9,5.6
8/1/2026 12:00,ENB_10021,10021_2,LHR_Gulberg_S2,3600,0,224,222,222,221,221,220,67,67,171,169,2,2,276,3394724,606686,72913,21372,50,100,42,100,21.1,36,7,5
8/1/2026 13:00,ENB_10021,10021_2,LHR_Gulberg_S2,3600,0,246,243,242,241,241,240,42,42,85,84,1,2,263,3863111,441396,64000,25245,48,100,31,100,18.1,40,6.5,4.7
8/1/2026 14:00,ENB_10021,10021_2,LHR_Gulberg_S2,3600,0,187,185,184,183,183,182,58,58,79,78,1,1,231,4834842,600110,71301,26339,51,100,35,100,16.7,39,5.1,3.6
8/1/2026 15:00,ENB_10021,10021_2,LHR_Gulberg_S2,3600,0,254,251,247,246,246,245,50,50,150,148,2,2,275,5934181,709796,105706,44969,54,100,34,100,17.5,39,5.9,4.6
8/1/2026 16:00,ENB_10021,10021_2,LHR_Gulberg_S2,3600,0,293,290,286,285,285,284,78,78,137,135,2,2,332,4022973,516643,87656,26330,59,100,46,100,23.4,47,7.1,3.9
8/1/2026 17:00,ENB_10021,10021_2,LHR_Gulberg_S2,3600,0,263,260,256,255,255,254,54,54,108,106,2,2,296,5218112,828235,84652,54119,64,100,52,100,23.8,49,12.1,7.5
8/1/2026 18:00,ENB_10021,10021_2,LHR_Gulberg_S2,3600,0,357,354,353,352,352,350,82,82,241,237,4,3,401,4954473,593862,76510,19876,62,100,57,100,27.3,55,10.5,6.2
8/1/2026 19:00,ENB_10021,10021_2,LHR_Gulberg_S2,3600,0,329,326,325,324,324,322,111,110,205,202,3,3,403,7190702,960851,105320,57600,60,100,48,100,25.8,42,10.9,8.2
8/1/2026 20:00,ENB_10021,10021_2,LHR_Gulberg_S2,3600,0,286,283,281,280,280,279,90,90,156,154,2,2,352,5174563,598580,90903,28268,52,100,46,100,24.9,60,8.1,5.1
8/1/2026 21:00,ENB_10021,10021_2,LHR_Gulberg_S2,3600,0,182,180,178,177,177,176,37,37,82,81,1,1,203,5064678,1023406,75592,43795,48,100,37,100,18.6,37,9.7,5.7
8/1/2026 22:00,ENB_10021,10021_2,LHR_Gulberg_S2,3600,0,161,160,158,158,158,157,45,45,76,75,1,1,194,2254179,493122,37693,24253,31,100,29,100,13.1,29,5,3.7
8/1/2026 23:00,ENB_10021,10021_2,LHR_Gulberg_S2,3600,0,75,74,73,73,73,73,22,22,34,34,0,0,91,2409004,311039,45259,11434,18,100,16,100,8.4,15,2.7,2
8/2/2026 0:00,ENB_10021,10021_2,LHR_Gulberg_S2,3600,0,43,43,43,43,43,43,14,14,12,12,0,0,52,648020,117517,9430,4235,10,100,7,100,2.9,6,1.3,0.8
8/2/2026 1:00,ENB_10021,10021_2,LHR_Gulberg_S2,3600,0,25,25,25,25,25,25,5,5,14,14,0,0,27,518777,76616,8145,2656,7,100,5,100,2.4,6,1.1,0.9
8/2/2026 2:00,ENB_10021,10021_2,LHR_Gulberg_S2,3600,0,27,27,27,27,27,27,8,8,9,9,0,0,33,474060,72812,7853,3994,5,100,4,100,1.8,4,0.6,0.4
8/2/2026 3:00,ENB_10021,10021_2,LHR_Gulberg_S2,3600,0,14,14,14,14,14,14,3,3,10,10,0,0,16,365255,66758,7265,3645,4,100,3,100,1.4,3,0.7,0.5
8/2/2026 4:00,ENB_10021,10021_2,LHR_Gulberg_S2,3600,0,16,16,16,16,16,16,5,5,7,7,0,0,20,560989,115480,11634,4890,5,100,4,100,1.5,3,0.8,0.7
8/2/2026 5:00,ENB_10021,10021_2,LHR_Gulberg_S2,3600,0,41,41,41,41,41,41,8,8,11,11,0,0,45,756129,88523,15642,5212,7,100,6,100,2.8,5,1.2,0.8
8/2/2026 6:00,ENB_10021,10021_2,LHR_Gulberg_S2,3600,0,48,48,48,48,48,48,15,15,22,22,0,0,60,1531119,226597,23535,10789,13,100,10,100,4.3,9,2.1,1.8
8/2/2026 7:00,ENB_10021,10021_2,LHR_Gulberg_S2,3600,0,112,111,109,109,109,109,26,26,90,89,1,1,123,2455089,511007,39593,28537,24,100,19,100,11.3,22,4.4,2.9
8/2/2026 8:00,ENB_10021,10021_2,LHR_Gulberg_S2,3600,0,167,166,164,164,164,163,51,51,76,75,1,1,196,4444354,627505,85304,21910,40,100,30,100,12.6,25,5.5,3.5
8/2/2026 9:00,ENB_10021,10021_2,LHR_Gulberg_S2,3600,0,204,202,199,198,198,197,31,31,118,117,1,1,212,3311822,541735,59221,24361,47,100,33,100,14.1,30,5,3.1
8/2/2026 10:00,ENB_10021,10021_2,LHR_Gulberg_S2,3600,0,255,252,250,249,249,248,59,59,139,137,2,2,282,4657005,825642,81817,54802,43,100,27,100,20.4,34,10.9,7.6
8/2/2026 11:00,ENB_10021,10021_2,LHR_Gulberg_S2,3600,0,192,190,190,189,189,188,50,50,96,95,1,2,230,3396349,618632,56859,40560,43,100,40,100,17.3,29,6.4,4.8
8/2/2026 12:00,ENB_10021,10021_2,LHR_Gulberg_S2,3600,0,216,214,211,210,210,209,33,33,115,114,1,1,226,4438024,676131,71156,29704,46,100,33,100,15.1,26,6.3,5.1
8/2/2026 13:00,ENB_10021,10021_2,LHR_Gulberg_S2,3600,0,209,207,206,205,205,204,42,42,99,98,1,1,233,3316448,496401,48342,17336,44,100,30,100,16.4,26,5.9,4.1
8/2/2026 14:00,ENB_10021,10021_2,LHR_Gulberg_S2,3600,0,174,173,171,170,170,169,55,55,118,116,2,1,208,3763746,438657,58193,25729,48,100,30,100,19.2,36,9.7,5.6
8/2/2026 15:00,ENB_10021,10021_2,LHR_Gulberg_S2,3600,0,254,252,248,247,247,246,51,51,111,109,2,2,278,4920375,560099,91455,30165,47,100,37,100,20.8,35,6.7,5.6
8/2/2026 16:00,ENB_10021,10021_2,LHR_Gulberg_S2,3600,0,224,222,221,220,220,219,50,50,121,119,2,1,249,4278521,869318,60806,52256,52,100,36,100,17.5,38,7.8,5.5
8/2/2026 17:00,ENB_10021,10021_2,LHR_Gulberg_S2,3600,0,262,259,256,255,255,254,64,64,123,121,2,2,306,4206880,864118,63447,36642,60,100,35,100,19,35,7.8,4.9
8/2/2026 18:00,ENB_10021,10021_2,LHR_Gulberg_S2,3600,0,327,324,323,322,322,320,97,96,126,124,2,3,394,4610156,613572,64574,27744,59,100,41,100,21,36,8.8,5.8
8/2/2026 19:00,ENB_10021,10021_2,LHR_Gulberg_S2,3600,0,355,352,350,349,349,347,63,63,175,173,2,3,379,6623928,704800,105382,23685,58,100,48,100,24.5,45,12,8.9
8/2/2026 20:00,ENB_10021,10021_2,LHR_Gulberg_S2,3600,241,318,315,315,314,314,313,61,61,117,115,2,2,343,5512904,656310,110763,29437,49,100,35,100,22.4,48,10.6,6.6
8/2/2026 21:00,ENB_10021,10021_2,LHR_Gulberg_S2,3600,0,146,145,145,145,145,144,39,39,77,76,1,1,170,5012776,1049072,96925,53358,39,100,30,100,15.4,25,7,5.2
8/2/2026 22:00,ENB_10021,10021_2,LHR_Gulberg_S2,3600,0,112,111,111,111,111,111,25,25,60,59,1,1,128,2630682,457285,51037,18333,32,100,20,100,12.5,22,6.6,3.8
8/2/2026 23:00,ENB_10021,10021_2,LHR_Gulberg_S2,3600,0,82,82,81,81,81,81,15,15,37,37,0,0,91,1714099,295000,29491,10246,20,100,16,100,6.9,15,3.2,2.4
8/3/2026 0:00,ENB_10021,10021_2,LHR_Gulberg_S2,3600,0,57,57,56,56,56,56,18,18,31,31,0,0,67,1252801,153858,17513,5818,10,100,7,100,4.4,9,1.8,1.2
8/3/2026 1:00,ENB_10021,10021_2,LHR_Gulberg_S2,3600,0,39,39,39,39,39,39,8,8,12,12,0,0,44,587699,97507,9558,4056,6,100,5,100,2.7,5,1.5,0.9
8/3/2026 2:00,ENB_10021,10021_2,LHR_Gulberg_S2,3600,0,27,27,27,27,27,27,7,7,12,12,0,0,31,696403,88303,11677,5121,6,100,5,100,2.1,4,1.1,0.8
8/3/2026 3:00,ENB_10021,10021_2,LHR_Gulberg_S2,3600,0,23,23,23,23,23,23,8,8,15,15,0,0,29,436405,95738,7077,3778,5,100,4,100,2,4,0.6,0.5
8/3/2026 4:00,ENB_10021,10021_2,LHR_Gulberg_S2,3600,0,33,33,33,33,33,33,7,7,11,11,0,0,37,622773,132231,12840,4576,6,100,5,100,2.3,4,0.7,0.5
8/3/2026 5:00,ENB_10021,10021_2,LHR_Gulberg_S2,3600,0,43,43,42,42,42,42,10,10,29,29,0,0,48,657655,83088,11084,2955,9,100,5,100,3.4,7,1.3,0.9
8/3/2026 6:00,ENB_10021,10021_2,LHR_Gulberg_S2,3600,0,61,61,60,60,60,60,19,19,46,46,0,0,76,1629390,180138,27515,9865,14,100,10,100,5.5,12,2.5,1.8
8/3/2026 7:00,ENB_10021,10021_2,LHR_Gulberg_S2,3600,0,180,179,177,177,177,176,50,50,89,88,1,1,215,2441861,454118,38291,16479,26,100,19,100,11.6,23,4.3,3.7
8/3/2026 8:00,ENB_10021,10021_2,LHR_Gulberg_S2,3600,0,206,204,201,200,200,199,57,57,62,61,1,2,231,5176236,873225,81834,34619,41,100,36,100,15.2,24,6.5,4.6
8/3/2026 9:00,ENB_10021,10021_2,LHR_Gulberg_S2,3600,0,297,294,290,289,289,288,53,53,95,94,1,2,318,5941683,646190,125895,29686,47,100,44,100,23.2,45,9,7
8/3/2026 10:00,ENB_10021,10021_2,LHR_Gulberg_S2,3600,0,213,211,208,207,207,206,54,54,123,121,2,1,236,3838181,385867,75571,20815,55,100,45,100,19.3,38,7.6,4.3
8/3/2026 11:00,ENB_10021,10021_2,LHR_Gulberg_S2,3600,0,196,194,193,192,192,191,34,34,106,104,2,1,207,5538689,892431,108509,53943,58,100,40,100,20.1,44,9.2,5.6
8/3/2026 12:00,ENB_10021,10021_2,LHR_Gulberg_S2,3600,0,243,241,239,238,238,237,45,45,87,86,1,2,267,4563037,483539,83212,17240,57,100,39,100,18.4,41,9,7.3
8/3/2026 13:00,ENB_10021,10021_2,LHR_Gulberg_S2,3600,0,325,322,321,320,320,319,59,59,125,123,2,3,360,4466056,553643,92334,20678,52,100,35,100,22.8,51,11.7,7.8
8/3/2026 14:00,ENB_10021,10021_2,LHR_Gulberg_S2,3600,0,276,273,273,272,272,271,54,54,130,128,2,2,298,5679822,796615,125195,32537,59,100,37,100,19.3,38,9.9,7.5
8/3/2026 15:00,ENB_10021,10021_2,LHR_Gulberg_S2,3600,0,267,264,262,261,261,260,41,41,112,111,1,2,290,5701547,1161171,123318,67592,52,100,44,100,19.9,39,7.2,4.7
8/3/2026 16:00,ENB_10021,10021_2,LHR_Gulberg_S2,3600,0,239,237,235,234,234,233,71,71,181,178,3,2,288,5031538,528718,70805,22275,56,100,37,100,22.3,42,11,8.5
8/3/2026 17:00,ENB_10021,10021_2,LHR_Gulberg_S2,3600,0,393,388,386,385,385,383,127,126,167,164,3,4,491,7241877,1284366,153047,74965,70,100,55,100,27.6,59,9.7,8
8/3/2026 18:00,ENB_10021,10021_2,LHR_Gulberg_S2,3600,0,271,267,263,262,262,260,71,71,142,139,3,3,313,5644704,1126031,109450,44244,76,100,48,100,27.1,60,13.7,8.9
8/3/2026 19:00,ENB_10021,10021_2,LHR_Gulberg_S2,3600,0,456,451,447,445,445,443,154,153,178,175,3,4,556,5776259,1054401,124959,41796,64,100,49,100,29.5,49,10.2,7
8/3/2026 20:00,ENB_10021,10021_2,LHR_Gulberg_S2,3600,0,256,253,250,249,249,248,76,76,184,181,3,2,299,4170904,897550,84376,44212,59,100,46,100,24.2,53,9.4,5.6
8/3/2026 21:00,ENB_10021,10021_2,LHR_Gulberg_S2,3600,0,230,227,226,225,225,224,50,50,96,95,1,2,255,3603835,719320,70490,24669,46,100,32,100,15.7,37,7.2,6
8/3/2026 22:00,ENB_10021,10021_2,LHR_Gulberg_S2,3600,0,232,230,228,227,227,226,54,54,121,120,1,1,252,4247589,695109,84366,28154,33,100,23,100,15.7,34,8.5,5.4
8/3/2026 23:00,ENB_10021,10021_2,LHR_Gulberg_S2,3600,0,103,102,101,101,101,101,26,26,30,30,0,1,115,1683047,306226,34454,16878,21,100,17,100,7.1,12,3.4,1.9
8/4/2026 0:00,ENB_10021,10021_2,LHR_Gulberg_S2,3600,175,52,52,52,52,52,52,9,9,19,19,0,0,57,876288,121638,12375,6485,12,100,8,100,3.5,6,1.3,0.9
8/4/2026 1:00,ENB_10021,10021_2,LHR_Gulberg_S2,3600,0,37,37,37,37,37,37,9,9,11,11,0,0,44,678069,94423,14037,3177,7,100,5,100,2.5,5,0.8,0.6
8/4/2026 2:00,ENB_10021,10021_2,LHR_Gulberg_S2,3600,0,32,32,32,32,32,32,7,7,18,18,0,0,36,663866,107717,11983,3904,6,100,4,100,2.3,5,0.8,0.6
8/4/2026 3:00,ENB_10021,10021_2,LHR_Gulberg_S2,3600,0,24,24,24,24,24,24,5,5,13,13,0,0,28,423366,45606,7627,2585,5,100,4,100,1.9,3,1,0.7
8/4/2026 4:00,ENB_10021,10021_2,LHR_Gulberg_S2,3600,0,24,24,24,24,24,24,8,8,10,10,0,0,29,676160,79627,14840,3536,6,100,4,100,2.1,5,0.7,0.6
8/4/2026 5:00,ENB_10021,10021_2,LHR_Gulberg_S2,3600,0,56,56,55,55,55,55,16,16,27,27,0,0,67,824143,143109,14258,5327,9,100,5,100,4.1,9,2.1,1.6
8/4/2026 6:00,ENB_10021,10021_2,LHR_Gulberg_S2,3600,0,81,81,80,80,80,80,26,26,44,44,0,0,102,1607889,243592,24262,15509,17,100,11,100,6.6,15,2.7,1.9
8/4/2026 7:00,ENB_10021,10021_2,LHR_Gulberg_S2,3600,0,158,157,156,156,156,156,33,33,48,47,1,1,179,3146029,604817,67267,30929,29,100,19,100,12,21,4.9,3.9
8/4/2026 8:00,ENB_10021,10021_2,LHR_Gulberg_S2,3600,0,204,203,202,201,201,200,46,46,85,84,1,2,235,3597810,610364,75842,28364,42,100,39,100,14.6,25,6.8,4.3
8/4/2026 9:00,ENB_10021,10021_2,LHR_Gulberg_S2,3600,0,317,314,310,309,309,308,92,92,137,135,2,2,372,4011922,736288,76107,25945,53,100,43,100,20.6,39,7.7,4.7
8/4/2026 10:00,ENB_10021,10021_2,LHR_Gulberg_S2,3600,0,360,357,355,354,354,352,107,106,137,135,2,3,424,5221493,785668,114870,48959,49,100,43,100,23.5,44,10.3,7.2
8/4/2026 11:00,ENB_10021,10021_2,LHR_Gulberg_S2,3600,0,309,306,302,301,301,300,99,99,176,174,2,2,383,3851392,735739,63045,34675,60,100,46,100,21.7,37,9.4,7.6
8/4/2026 12:00,ENB_10021,10021_2,LHR_Gulberg_S2,3600,0,300,297,293,292,292,291,92,92,97,95,2,2,371,3751865,406054,52353,15035,58,100,42,100,21.7,48,9.5,8
8/4/2026 13:00,ENB_10021,10021_2,LHR_Gulberg_S2,3600,0,323,319,315,314,314,313,107,106,201,198,3,3,395,5540118,979719,80721,34432,54,100,33,100,23.5,43,8.7,7.1
8/4/2026 14:00,ENB_10021,10021_2,LHR_Gulberg_S2,3600,0,290,287,286,285,285,284,48,48,160,158,2,2,313,3769591,413156,52119,15788,59,100,40,100,24.9,59,13.5,7.6
8/4/2026 15:00,ENB_10021,10021_2,LHR_Gulberg_S2,3600,0,305,301,298,297,297,296,76,76,157,155,2,2,341,6100126,674154,81481,22535,57,100,49,100,20.9,44,8.1,6.3
8/4/2026 16:00,ENB_10021,10021_2,LHR_Gulberg_S2,3600,0,312,308,307,306,306,304,54,54,182,179,3,2,325,7024055,1258365,123479,59332,61,100,49,100,25.6,59,12.9,10.2
8/4/2026 17:00,ENB_10021,10021_2,LHR_Gulberg_S2,3600,0,242,239,237,236,236,235,39,39,170,167,3,2,260,5488595,681842,98854,32237,69,100,56,100,25.7,56,12.2,9.8
8/4/2026 18:00,ENB_10021,10021_2,LHR_Gulberg_S2,3600,0,265,262,261,260,260,258,74,74,179,176,3,2,306,5269779,1079667,87279,48853,68,100,52,100,24.7,47,8.4,6.4
8/4/2026 19:00,ENB_10021,10021_2,LHR_Gulberg_S2,3600,0,382,378,373,371,371,369,114,113,101,99,2,4,467,4801422,953051,76894,41974,70,100,47,100,24.6,50,10.2,8.3
8/4/2026 20:00,ENB_10021,10021_2,LHR_Gulberg_S2,3600,0,222,219,218,217,217,216,38,38,107,106,1,2,232,4681703,561215,78905,23277,58,100,50,100,19.6,42,9.5,7.1
8/4/2026 21:00,ENB_10021,10021_2,LHR_Gulberg_S2,3600,0,229,227,224,223,223,222,40,40,162,160,2,1,251,4887772,985776,106658,36980,47,100,43,100,18.4,33,9.1,7.7
8/4/2026 22:00,ENB_10021,10021_2,LHR_Gulberg_S2,3600,0,171,170,170,170,170,169,47,47,54,53,1,1,204,2651971,433548,49871,22864,37,100,30,100,11.7,27,3.6,2.1
8/4/2026 23:00,ENB_10021,10021_2,LHR_Gulberg_S2,3600,0,139,138,137,137,137,137,25,25,82,81,1,1,155,2673673,346865,49254,18509,21,100,17,100,9.8,18,4.1,2.3
8/5/2026 0:00,ENB_10021,10021_2,LHR_Gulberg_S2,3600,0,54,54,54,54,54,54,9,9,30,30,0,0,58,1140345,161523,19436,7386,10,100,8,100,4.1,9,2.1,1.6
8/5/2026 1:00,ENB_10021,10021_2,LHR_Gulberg_S2,3600,0,26,26,26,26,26,26,6,6,23,23,0,0,30,747429,146426,13213,9325,7,100,7,100,2.9,5,1.4,0.9
8/5/2026 2:00,ENB_10021,10021_2,LHR_Gulberg_S2,3600,0,27,27,27,27,27,27,9,9,11,11,0,0,33,518196,110896,8709,6671,6,100,5,100,2,5,0.8,0.5
8/5/2026 3:00,ENB_10021,10021_2,LHR_Gulberg_S2,3600,386,31,31,31,31,31,31,5,5,8,8,0,0,34,533116,107955,7784,3875,5,100,4,100,2.1,4,0.9,0.7
8/5/2026 4:00,ENB_10021,10021_2,LHR_Gulberg_S2,3600,0,27,27,27,27,27,27,9,9,15,15,0,0,33,443873,50608,6104,2874,6,100,4,100,1.9,3,0.7,0.5
8/5/2026 5:00,ENB_10021,10021_2,LHR_Gulberg_S2,3600,0,30,30,30,30,30,30,7,7,25,25,0,0,33,782339,115106,16339,6061,9,100,6,100,2.8,7,1.4,1.2
8/5/2026 6:00,ENB_10021,10021_2,LHR_Gulberg_S2,3600,0,71,71,71,71,71,71,23,23,34,34,0,0,89,1383859,282865,23218,15379,15,100,11,100,7.2,13,2.2,1.2
8/5/2026 7:00,ENB_10021,10021_2,LHR_Gulberg_S2,3600,0,119,118,117,117,117,117,19,19,39,39,0,1,131,2107061,234919,30532,10500,28,100,21,100,9.4,15,3.3,2.6
8/5/2026 8:00,ENB_10021,10021_2,LHR_Gulberg_S2,3600,0,232,230,227,226,226,225,58,58,99,98,1,1,267,5203796,1041901,89893,35317,51,100,30,100,14.7,25,6.7,4.9
8/5/2026 9:00,ENB_10021,10021_2,LHR_Gulberg_S2,3600,334,327,324,323,322,322,321,73,73,83,82,1,3,358,4495046,820021,81357,51268,50,100,35,100,20.9,35,8.3,5.2
8/5/2026 10:00,ENB_10021,10021_2,LHR_Gulberg_S2,3600,0,189,187,185,184,184,183,63,63,109,108,1,1,225,4009698,447104,62451,18490,55,100,44,100,17.5,32,8.1,6.2
8/5/2026 11:00,ENB_10021,10021_2,LHR_Gulberg_S2,3600,0,289,286,284,283,283,282,48,48,101,99,2,2,307,5816521,973811,105309,41337,60,100,44,100,25.2,55,12.6,9.7
8/5/2026 12:00,ENB_10021,10021_2,LHR_Gulberg_S2,3600,0,247,245,243,242,242,241,57,57,119,117,2,2,289,4886696,510198,80328,18777,56,100,36,100,20.6,39,9.8,8.3
8/5/2026 13:00,ENB_10021,10021_2,LHR_Gulberg_S2,3600,0,330,327,323,322,322,321,80,80,176,174,2,2,362,4837775,1058371,80392,47091,53,100,35,100,22.2,40,10.1,7.4
8/5/2026 14:00,ENB_10021,10021_2,LHR_Gulberg_S2,3600,0,339,336,335,334,334,332,76,76,108,106,2,2,384,5758045,710884,99122,32805,51,100,42,100,22.8,44,8.5,4.7
8/5/2026 15:00,ENB_10021,10021_2,LHR_Gulberg_S2,3600,0,273,270,270,269,269,268,67,67,129,127,2,2,321,5189227,935327,73979,39820,59,100,38,100,22.5,38,9.5,6.1
8/5/2026 16:00,ENB_10021,10021_2,LHR_Gulberg_S2,3600,0,414,409,405,404,404,402,128,127,152,149,3,3,484,7135045,1270797,147656,57158,57,100,52,100,26.3,46,8.5,7.1
8/5/2026 17:00,ENB_10021,10021_2,LHR_Gulberg_S2,3600,0,202,199,196,195,195,194,30,30,148,146,2,1,209,4563931,854632,88957,34397,70,100,42,100,21.3,46,8.8,7
8/5/2026 18:00,ENB_10021,10021_2,LHR_Gulberg_S2,3600,0,336,332,332,331,331,329,72,72,225,221,4,3,386,8993752,1041487,130570,38478,76,100,51,100,26.1,50,8.4,6.7
8/5/2026 19:00,ENB_10021,10021_2,LHR_Gulberg_S2,3600,0,338,335,333,332,332,330,106,105,115,113,2,3,402,8391988,992967,127624,43961,71,100,57,100,24.1,48,10.4,6.2
8/5/2026 20:00,ENB_10021,10021_2,LHR_Gulberg_S2,3600,0,248,245,242,241,241,240,77,77,133,131,2,2,298,7528092,1212814,127412,46301,61,100,46,100,25.4,45,10,8.1
8/5/2026 21:00,ENB_10021,10021_2,LHR_Gulberg_S2,3600,0,262,259,256,255,255,254,71,71,112,110,2,2,314,5667819,1192012,83477,55448,49,100,39,100,17.3,38,9,7.4
8/5/2026 22:00,ENB_10021,10021_2,LHR_Gulberg_S2,3600,0,227,225,222,221,221,220,72,72,85,84,1,1,270,3903783,803164,83865,27134,39,100,25,100,16.9,34,7.1,4.6
8/5/2026 23:00,ENB_10021,10021_2,LHR_Gulberg_S2,3600,0,110,109,108,108,108,108,32,32,42,42,0,1,128,2679918,332837,54581,13646,21,100,14,100,7.9,18,3,2
7/30/2026 0:00,ENB_10034,10034_1,LHR_DHA_S1,3600,0,69,69,68,68,68,68,17,17,60,60,0,0,78,1613398,202353,35428,7671,15,100,14,100,6.8,12,3,2.4
7/30/2026 1:00,ENB_10034,10034_1,LHR_DHA_S1,3600,0,48,48,48,48,48,48,14,14,14,14,0,0,59,927791,144740,18898,6838,10,100,7,100,3.5,7,1.2,1
7/30/2026 2:00,ENB_10034,10034_1,LHR_DHA_S1,3600,0,50,50,50,50,50,50,17,17,17,17,0,0,64,879558,137420,13426,5203,8,100,6,100,3.4,6,1.4,0.9
7/30/2026 3:00,ENB_10034,10034_1,LHR_DHA_S1,3600,0,36,36,36,36,36,36,7,7,13,13,0,0,41,836886,108747,12476,3710,8,100,5,100,2.6,6,1.3,0.9
7/30/2026 4:00,ENB_10034,10034_1,LHR_DHA_S1,3600,0,56,56,55,55,55,55,12,12,32,32,0,0,64,1011680,209034,19220,8400,7,100,7,100,3.9,8,1.3,0.7
7/30/2026 5:00,ENB_10034,10034_1,LHR_DHA_S1,3600,0,47,47,47,47,47,47,11,11,29,29,0,0,55,1450124,279525,31373,9592,11,100,10,100,5.2,12,1.8,1.4
7/30/2026 6:00,ENB_10034,10034_1,LHR_DHA_S1,3600,0,100,99,99,99,99,99,28,28,88,87,1,0,116,1592551,201219,28812,6709,22,100,14,100,10,17,3.4,2.7
7/30/2026 7:00,ENB_10034,10034_1,LHR_DHA_S1,3600,0,126,125,123,123,123,123,21,21,104,102,2,1,136,3366074,709431,55601,37571,45,100,26,100,13.6,25,7.4,5.7
7/30/2026 8:00,ENB_10034,10034_1,LHR_DHA_S1,3600,0,408,404,399,397,397,395,90,89,230,227,3,3,465,5959722,848236,122770,29084,64,100,52,100,27.5,50,14.2,8.8
7/30/2026 9:00,ENB_10034,10034_1,LHR_DHA_S1,3600,0,363,358,356,354,354,352,84,83,222,218,4,3,411,8794585,1745622,139480,66525,68,100,55,100,28.5,60,15,11.4
7/30/2026 10:00,ENB_10034,10034_1,LHR_DHA_S1,3600,0,253,250,248,247,247,246,77,77,122,120,2,2,313,5416739,797807,118990,47727,72,100,49,100,23.5,56,12.1,8.5
7/30/2026 11:00,ENB_10034,10034_1,LHR_DHA_S1,3600,0,233,230,227,226,226,225,57,57,119,117,2,2,256,8950660,1158094,168851,42691,75,100,48,100,25.7,59,9.1,5.3
7/30/2026 12:00,ENB_10034,10034_1,LHR_DHA_S1,3600,0,249,246,245,244,244,243,40,40,190,187,3,2,272,5613848,1034598,81577,49763,68,100,64,100,23.9,56,11,8
7/30/2026 13:00,ENB_10034,10034_1,LHR_DHA_S1,3600,0,248,245,242,241,241,240,68,68,179,176,3,2,299,6512652,1120004,88291,41759,73,100,52,100,27,57,8.8,5
7/30/2026 14:00,ENB_10034,10034_1,LHR_DHA_S1,3600,0,376,371,367,365,365,363,116,115,168,165,3,3,442,8105591,944007,139581,33268,69,100,57,100,25.7,59,9.4,7.2
7/30/2026 15:00,ENB_10034,10034_1,LHR_DHA_S1,3600,0,420,414,413,411,411,408,108,107,157,154,3,4,481,9156691,1416999,171528,70344,75,100,66,100,36.7,76,18.6,11.5
7/30/2026 16:00,ENB_10034,10034_1,LHR_DHA_S1,3600,0,364,359,355,353,353,351,90,89,142,139,3,3,415,7209087,1266204,112989,45898,90,100,73,100,29.8,63,16.3,9.5
7/30/2026 17:00,ENB_10034,10034_1,LHR_DHA_S1,3600,0,355,350,347,345,345,342,54,54,247,242,5,4,364,9123317,1847381,132448,112137,98,100,58,100,35.9,69,14.2,9.6
7/30/2026 18:00,ENB_10034,10034_1,LHR_DHA_S1,3600,0,423,417,411,409,409,406,69,68,282,276,6,4,447,6996750,927195,102409,32363,98,100,66,100,45,84,20.2,13.3
7/30/2026 19:00,ENB_10034,10034_1,LHR_DHA_S1,3600,0,586,576,573,570,570,566,122,121,284,278,6,7,649,8796961,1247591,140775,56785,98,100,75,100,44.6,86,16.1,9.1
7/30/2026 20:00,ENB_10034,10034_1,LHR_DHA_S1,3600,0,386,381,379,377,377,374,61,61,207,203,4,4,411,9682310,1951482,172148,98037,93,100,69,100,33.2,68,12.9,9.9
7/30/2026 21:00,ENB_10034,10034_1,LHR_DHA_S1,3600,0,294,291,290,289,289,287,72,72,229,225,4,3,333,8754631,1321283,127540,75420,70,100,52,100,29.1,65,10.1,7.3
7/30/2026 22:00,ENB_10034,10034_1,LHR_DHA_S1,3600,0,200,198,197,196,196,195,66,66,140,138,2,1,244,3533688,718572,55562,27457,52,100,41,100,20.4,36,9.3,5.7
7/30/2026 23:00,ENB_10034,10034_1,LHR_DHA_S1,3600,0,195,193,193,193,193,192,56,56,82,81,1,1,240,2233277,282737,38822,15684,35,100,28,100,14.5,28,4.9,2.8
7/31/2026 0:00,ENB_10034,10034_1,LHR_DHA_S1,3600,0,71,71,70,70,70,70,12,12,29,29,0,0,75,1537414,219145,25400,14002,17,100,12,100,6.7,13,2.3,1.5
7/31/2026 1:00,ENB_10034,10034_1,LHR_DHA_S1,3600,0,53,53,52,52,52,52,15,15,30,30,0,0,61,1187049,252221,16104,11795,10,100,8,100,4.3,8,1.7,1
7/31/2026 2:00,ENB_10034,10034_1,LHR_DHA_S1,3600,0,35,35,35,35,35,35,5,5,20,20,0,0,38,899335,124163,15158,4555,9,100,7,100,3.5,6,1.1,0.7
7/31/2026 3:00,ENB_10034,10034_1,LHR_DHA_S1,3600,0,39,39,39,39,39,39,9,9,19,19,0,0,45,826442,124309,13714,6213,7,100,5,100,2.8,6,1.2,0.9
7/31/2026 4:00,ENB_10034,10034_1,LHR_DHA_S1,3600,0,39,39,39,39,39,39,11,11,13,13,0,0,48,905234,144194,14730,6021,8,100,7,100,3.1,7,1.1,0.8
7/31/2026 5:00,ENB_10034,10034_1,LHR_DHA_S1,3600,0,85,85,85,85,85,85,25,25,36,36,0,0,103,1500811,214338,29854,9065,13,100,8,100,5.4,12,2.8,2.1
7/31/2026 6:00,ENB_10034,10034_1,LHR_DHA_S1,3600,0,133,132,131,131,131,131,45,45,75,74,1,1,165,2590911,478333,34982,16224,22,100,19,100,9.3,16,4.2,3
7/31/2026 7:00,ENB_10034,10034_1,LHR_DHA_S1,3600,0,164,163,161,161,161,160,53,53,143,141,2,1,199,3774661,768759,56119,29401,47,100,33,100,17.5,36,5.5,3
7/31/2026 8:00,ENB_10034,10034_1,LHR_DHA_S1,3600,0,268,265,261,260,260,259,90,89,155,152,3,2,313,5814535,600490,126933,25771,73,100,58,100,29.8,58,15,8.5
7/31/2026 9:00,ENB_10034,10034_1,LHR_DHA_S1,3600,0,310,306,306,305,305,303,46,46,133,131,2,2,320,7579154,851316,112859,30076,82,100,59,100,28.9,48,12.4,9.1
7/31/2026 10:00,ENB_10034,10034_1,LHR_DHA_S1,3600,0,291,288,286,285,285,283,59,59,145,142,3,3,331,5657337,825626,80017,48267,78,100,56,100,24.9,45,13.5,11.3
7/31/2026 11:00,ENB_10034,10034_1,LHR_DHA_S1,3600,0,367,362,362,360,360,358,85,84,127,125,2,4,420,7693204,1504782,130716,81710,89,100,51,100,25.1,46,7.9,5.2
7/31/2026 12:00,ENB_10034,10034_1,LHR_DHA_S1,3600,0,457,451,449,447,447,444,91,90,217,213,4,4,487,8817511,1695467,135063,89460,78,100,55,100,34,77,17,10.4
7/31/2026 13:00,ENB_10034,10034_1,LHR_DHA_S1,3600,0,223,220,217,216,216,215,60,60,112,110,2,2,258,7512620,1363492,123278,50317,82,100,54,100,23.7,44,8.6,6.2
7/31/2026 14:00,ENB_10034,10034_1,LHR_DHA_S1,3600,0,429,423,419,417,417,414,146,145,226,222,4,4,516,7242701,1302748,148070,61061,76,100,63,100,27.4,58,11,6
7/31/2026 15:00,ENB_10034,10034_1,LHR_DHA_S1,3600,0,404,398,393,391,391,388,125,124,226,222,4,4,487,8329612,1391193,124246,46390,85,100,70,100,28.9,63,9.8,6.6
7/31/2026 16:00,ENB_10034,10034_1,LHR_DHA_S1,3600,0,509,502,499,497,497,494,154,153,295,290,5,5,624,8434199,865489,140307,37338,92,100,69,100,38.9,92,13.5,8.1
7/31/2026 17:00,ENB_10034,10034_1,LHR_DHA_S1,3600,0,337,332,329,327,327,325,94,93,180,177,3,3,387,8138327,972977,125659,42489,91,100,73,100,30,51,16.3,13.5
7/31/2026 18:00,ENB_10034,10034_1,LHR_DHA_S1,3600,0,627,617,611,608,608,603,133,132,316,309,7,7,662,10026671,1051429,199697,43179,98,100,86,100,45,106,15,12.2
7/31/2026 19:00,ENB_10034,10034_1,LHR_DHA_S1,3600,0,574,566,559,556,556,552,107,106,191,187,4,6,601,7351955,758919,134704,42450,98,100,71,100,41,92,13,9.9
7/31/2026 20:00,ENB_10034,10034_1,LHR_DHA_S1,3600,0,358,353,350,348,348,346,111,110,233,228,5,4,429,8394422,1833876,117614,102141,97,100,71,100,31,59,14,11
7/31/2026 21:00,ENB_10034,10034_1,LHR_DHA_S1,3600,0,272,269,269,268,268,266,78,78,237,233,4,3,311,5074065,849863,108798,42910,77,100,65,100,29.2,67,13.2,9.4
7/31/2026 22:00,ENB_10034,10034_1,LHR_DHA_S1,3600,0,331,327,324,323,323,322,91,91,180,178,2,3,389,4027101,466851,55185,16265,57,100,34,100,23.7,55,7.2,4.5
7/31/2026 23:00,ENB_10034,10034_1,LHR_DHA_S1,3600,0,109,108,108,108,108,108,31,31,78,77,1,1,126,3308302,679807,55776,29596,32,100,20,100,10.9,21,4,3.2
8/1/2026 0:00,ENB_10034,10034_1,LHR_DHA_S1,3600,0,54,54,53,53,53,53,10,10,29,29,0,0,61,972225,101522,17121,3506,15,100,10,100,4.6,9,1.8,1.2
8/1/2026 1:00,ENB_10034,10034_1,LHR_DHA_S1,3600,0,53,53,53,53,53,53,12,12,22,22,0,0,63,1092086,180869,20393,6421,8,100,7,100,3.5,6,1.4,0.9
8/1/2026 2:00,ENB_10034,10034_1,LHR_DHA_S1,3600,0,25,25,25,25,25,25,7,7,20,20,0,0,30,613558,109648,10334,4130,8,100,6,100,2.7,5,1,0.6
8/1/2026 3:00,ENB_10034,10034_1,LHR_DHA_S1,3600,0,32,32,32,32,32,32,8,8,10,10,0,0,38,784573,118546,14132,5827,6,100,6,100,2.1,4,1.1,0.9
8/1/2026 4:00,ENB_10034,10034_1,LHR_DHA_S1,3600,0,22,22,22,22,22,22,3,3,20,20,0,0,23,660853,91416,8812,3444,8,100,5,100,2.5,6,1.1,0.6
8/1/2026 5:00,ENB_10034,10034_1,LHR_DHA_S1,3600,0,57,57,56,56,56,56,17,17,30,30,0,0,69,1269136,158301,17793,7221,10,100,7,100,4.4,9,1.3,1.1
8/1/2026 6:00,ENB_10034,10034_1,LHR_DHA_S1,3600,0,116,115,114,114,114,114,38,38,55,55,0,1,146,1382701,210306,28996,10326,19,100,18,100,7.3,15,3.6,2.2
8/1/2026 7:00,ENB_10034,10034_1,LHR_DHA_S1,3600,0,222,220,218,217,217,216,53,53,91,90,1,1,251,3747486,804579,61279,30984,40,100,24,100,16.4,36,5.6,3.1
8/1/2026 8:00,ENB_10034,10034_1,LHR_DHA_S1,3600,0,350,347,343,342,342,340,64,64,109,107,2,3,386,5004229,777171,88384,34056,58,100,40,100,22.4,46,6.9,5.7
8/1/2026 9:00,ENB_10034,10034_1,LHR_DHA_S1,3600,0,425,421,420,418,418,416,85,85,121,119,2,3,452,8001242,1531979,165850,53783,69,100,46,100,29.6,59,15.7,11.2
8/1/2026 10:00,ENB_10034,10034_1,LHR_DHA_S1,3600,0,287,284,282,281,281,279,83,83,198,195,3,3,350,6745504,1115851,144194,43803,71,100,51,100,27.9,45,11.9,9.1
8/1/2026 11:00,ENB_10034,10034_1,LHR_DHA_S1,3600,0,334,330,326,325,325,323,61,61,229,225,4,3,352,5347760,605949,112315,29036,63,100,49,100,29.2,55,8.9,5
8/1/2026 12:00,ENB_10034,10034_1,LHR_DHA_S1,3600,0,416,411,409,407,407,405,141,140,177,174,3,4,512,4977604,502044,69591,20026,65,100,46,100,26.6,60,8.8,5.6
8/1/2026 13:00,ENB_10034,10034_1,LHR_DHA_S1,3600,0,459,453,448,446,446,444,78,78,253,249,4,3,486,6765044,1412147,91050,57052,73,100,42,100,30.2,55,11.5,9.2
8/1/2026 14:00,ENB_10034,10034_1,LHR_DHA_S1,3600,0,197,195,193,192,192,191,61,61,146,144,2,2,230,5174014,1136850,81430,52655,67,100,60,100,21.6,52,11.4,6.3
8/1/2026 15:00,ENB_10034,10034_1,LHR_DHA_S1,3600,0,444,439,436,434,434,431,152,151,219,215,4,4,564,8857550,1713342,188637,86360,79,100,60,100,31.9,67,16.7,10.7
8/1/2026 16:00,ENB_10034,10034_1,LHR_DHA_S1,3600,0,351,346,345,343,343,341,109,108,144,142,2,4,414,6890573,734722,93837,25754,69,100,65,100,31.8,61,12.8,10.1
8/1/2026 17:00,ENB_10034,10034_1,LHR_DHA_S1,3600,0,319,315,315,314,314,312,83,82,303,298,5,3,365,8906929,1632715,169280,102322,82,100,59,100,35.4,82,15.7,9.2
8/1/2026 18:00,ENB_10034,10034_1,LHR_DHA_S1,3600,0,430,423,422,420,420,417,128,127,250,244,6,5,495,9633128,2044383,195159,93938,98,100,67,100,41,73,17.7,10
8/1/2026 19:00,ENB_10034,10034_1,LHR_DHA_S1,3600,0,409,403,400,398,398,395,81,80,307,300,7,4,460,9229114,1423150,130869,92671,95,100,67,100,34.7,83,11.9,9.9
8/1/2026 20:00,ENB_10034,10034_1,LHR_DHA_S1,3600,0,348,344,340,338,338,336,90,89,133,131,2,4,392,6006387,981377,97544,39838,78,100,60,100,29.4,56,9,6.1
8/1/2026 21:00,ENB_10034,10034_1,LHR_DHA_S1,3600,0,362,358,354,353,353,351,72,72,204,200,4,3,382,5956585,735843,84009,46420,64,100,56,100,25.1,48,11.7,8
8/1/2026 22:00,ENB_10034,10034_1,LHR_DHA_S1,3600,0,209,207,205,204,204,203,40,40,118,116,2,1,233,3356055,513009,55720,23460,50,100,40,100,15.4,28,6.9,4.1
8/1/2026 23:00,ENB_10034,10034_1,LHR_DHA_S1,3600,0,165,164,162,162,162,162,54,54,96,95,1,1,207,1914062,271307,30890,13384,31,100,19,100,11.3,23,5.2,3.3
8/2/2026 0:00,ENB_10034,10034_1,LHR_DHA_S1,3600,0,84,83,82,82,82,82,14,14,39,39,0,0,87,1008420,206561,19755,8069,14,100,9,100,5.3,9,2.6,1.7
8/2/2026 1:00,ENB_10034,10034_1,LHR_DHA_S1,3600,0,44,44,43,43,43,43,13,13,18,18,0,0,52,929026,120018,13033,5800,8,100,6,100,3,6,1.6,1.2
8/2/2026 2:00,ENB_10034,10034_1,LHR_DHA_S1,3600,0,36,36,36,36,36,36,6,6,19,19,0,0,38,673612,93097,10931,3740,8,100,5,100,2.5,5,0.9,0.7
8/2/2026 3:00,ENB_10034,10034_1,LHR_DHA_S1,3600,0,25,25,25,25,25,25,8,8,18,18,0,0,30,636153,109695,11540,5801,6,100,5,100,2.4,4,0.9,0.7
8/2/2026 4:00,ENB_10034,10034_1,LHR_DHA_S1,3600,0,30,30,30,30,30,30,6,6,20,20,0,0,33,684045,108088,12946,4021,6,100,5,100,3.1,6,1,0.7
8/2/2026 5:00,ENB_10034,10034_1,LHR_DHA_S1,3600,0,55,55,55,55,55,55,8,8,33,33,0,0,58,716210,94079,15077,4068,10,100,8,100,4.4,9,1.4,0.8
8/2/2026 6:00,ENB_10034,10034_1,LHR_DHA_S1,3600,0,99,98,97,97,97,97,22,22,66,65,1,0,110,1832813,383595,38109,22243,19,100,15,100,8.8,21,3.2,1.8
8/2/2026 7:00,ENB_10034,10034_1,LHR_DHA_S1,3600,0,149,148,147,147,147,147,50,50,90,89,1,1,180,2999588,654423,60931,30922,37,100,30,100,11.2,26,4.2,2.8
8/2/2026 8:00,ENB_10034,10034_1,LHR_DHA_S1,3600,0,326,323,322,321,321,320,85,85,118,116,2,2,388,3585597,656675,66546,28112,48,100,35,100,24,39,12.8,8.7
8/2/2026 9:00,ENB_10034,10034_1,LHR_DHA_S1,3600,0,289,286,283,282,282,281,81,81,113,111,2,2,339,5423022,729048,75184,29362,62,100,52,100,21.7,38,7.7,4.8
8/2/2026 10:00,ENB_10034,10034_1,LHR_DHA_S1,3600,0,267,264,261,260,260,259,52,52,131,129,2,2,295,5911176,1192963,124136,76264,64,100,41,100,27.5,59,10.7,6.7
8/2/2026 11:00,ENB_10034,10034_1,LHR_DHA_S1,3600,0,318,314,311,310,310,308,71,71,179,176,3,3,365,5047521,1077113,68754,43098,70,100,50,100,20.3,45,10.7,8.5
8/2/2026 12:00,ENB_10034,10034_1,LHR_DHA_S1,3600,0,204,202,200,199,199,198,68,68,110,109,1,2,250,6923191,1275842,112820,46854,68,100,49,100,20.5,47,6.4,4.2
8/2/2026 13:00,ENB_10034,10034_1,LHR_DHA_S1,3600,0,277,274,273,272,272,271,59,59,138,136,2,2,311,5498113,711448,92230,34196,64,100,54,100,26,56,10.1,5.6
8/2/2026 14:00,ENB_10034,10034_1,LHR_DHA_S1,3600,0,232,229,227,226,226,225,56,56,125,123,2,2,255,7247542,1122890,99370,61902,67,100,56,100,25.8,49,11.4,7.3
8/2/2026 15:00,ENB_10034,10034_1,LHR_DHA_S1,3600,0,392,387,385,383,383,381,102,101,237,233,4,4,444,5365683,886910,79282,30488,62,100,44,100,28.2,54,13.8,11.3
8/2/2026 16:00,ENB_10034,10034_1,LHR_DHA_S1,3600,0,248,245,245,244,244,243,60,60,208,204,4,2,273,5552098,965131,117363,40789,65,100,59,100,23.4,56,9.5,6.8
8/2/2026 17:00,ENB_10034,10034_1,LHR_DHA_S1,3600,178,248,245,245,244,244,242,39,39,174,171,3,2,270,9208975,1140863,182752,43493,82,100,63,100,26.3,52,8.6,5.6
8/2/2026 18:00,ENB_10034,10034_1,LHR_DHA_S1,3600,0,413,407,405,403,403,400,71,71,216,212,4,4,455,9242603,1341589,148208,52288,81,100,75,100,38.2,79,17.2,11
8/2/2026 19:00,ENB_10034,10034_1,LHR_DHA_S1,3600,0,418,412,411,409,409,406,129,128,209,206,3,4,490,8982895,1246966,167974,66014,78,100,58,100,30.9,67,14,9.5
8/2/2026 20:00,ENB_10034,10034_1,LHR_DHA_S1,3600,0,284,281,279,278,278,276,74,74,261,256,5,3,337,5772553,744325,104305,35660,74,100,50,100,29.5,53,10.4,8.3
8/2/2026 21:00,ENB_10034,10034_1,LHR_DHA_S1,3600,0,233,231,231,230,230,229,66,66,98,96,2,2,278,6134137,1034216,100256,49534,57,100,50,100,22.4,48,10.6,8.9
8/2/2026 22:00,ENB_10034,10034_1,LHR_DHA_S1,3600,0,162,160,160,160,160,159,45,45,117,115,2,1,196,4126252,721966,80302,33241,40,100,27,100,13.7,26,7.3,4.8
8/2/2026 23:00,ENB_10034,10034_1,LHR_DHA_S1,3600,0,107,106,105,105,105,105,36,36,66,65,1,1,131,2069578,222584,29332,9428,25,100,22,100,9.1,19,3.4,2.3
8/3/2026 0:00,ENB_10034,10034_1,LHR_DHA_S1,3600,0,65,65,64,64,64,64,22,22,33,33,0,0,81,1531472,317395,31703,10990,15,100,12,100,6.6,12,3.5,2.2
8/3/2026 1:00,ENB_10034,10034_1,LHR_DHA_S1,3600,0,50,50,49,49,49,49,8,8,19,19,0,0,53,1090258,218056,16611,12109,11,100,7,100,3.3,8,1.8,1.2
8/3/2026 2:00,ENB_10034,10034_1,LHR_DHA_S1,3600,0,50,50,50,50,50,50,17,17,18,18,0,0,61,613073,133021,9180,7000,8,100,6,100,3.2,6,1,0.8
8/3/2026 3:00,ENB_10034,10034_1,LHR_DHA_S1,3600,0,38,38,37,37,37,37,7,7,18,18,0,0,41,768057,164284,13068,10859,7,100,5,100,3.2,6,1.4,1
8/3/2026 4:00,ENB_10034,10034_1,LHR_DHA_S1,3600,0,33,33,33,33,33,33,10,10,21,21,0,0,39,980551,203332,17997,13147,8,100,5,100,2.9,5,1.1,0.8
8/3/2026 5:00,ENB_10034,10034_1,LHR_DHA_S1,3600,0,51,51,50,50,50,50,17,17,41,41,0,0,64,1356311,213047,26724,8661,11,100,9,100,5.5,13,2.1,1.4
8/3/2026 6:00,ENB_10034,10034_1,LHR_DHA_S1,3600,0,132,131,130,130,130,130,37,37,61,60,1,1,154,1665957,171226,35810,5996,24,100,19,100,9.3,21,3.1,2
8/3/2026 7:00,ENB_10034,10034_1,LHR_DHA_S1,3600,0,243,241,238,237,237,236,78,78,108,106,2,2,293,2981026,568881,54171,33951,40,100,31,100,16,36,7.5,4.4
8/3/2026 8:00,ENB_10034,10034_1,LHR_DHA_S1,3600,0,350,346,343,342,342,340,85,85,131,129,2,3,399,5552748,1203850,88870,56148,64,100,50,100,23.6,50,10.5,8
8/3/2026 9:00,ENB_10034,10034_1,LHR_DHA_S1,3600,0,347,343,343,342,342,340,106,105,188,184,4,3,416,8429911,1677866,166372,65315,77,100,57,100,27.1,59,8.5,6.1
8/3/2026 10:00,ENB_10034,10034_1,LHR_DHA_S1,3600,0,421,415,414,412,412,410,89,88,233,229,4,3,451,8810155,1243304,143152,46305,69,100,64,100,28.5,60,10.6,6.1
8/3/2026 11:00,ENB_10034,10034_1,LHR_DHA_S1,3600,0,341,336,333,332,332,330,103,102,186,183,3,3,417,6444432,963640,90880,62856,75,100,61,100,23.8,39,12.4,9.2
8/3/2026 12:00,ENB_10034,10034_1,LHR_DHA_S1,3600,0,509,503,496,494,494,491,168,167,217,213,4,5,633,7649656,1369347,108798,55219,74,100,53,100,32.2,76,10.4,6.2
8/3/2026 13:00,ENB_10034,10034_1,LHR_DHA_S1,3600,0,337,334,330,329,329,327,65,65,152,149,3,3,375,4888692,591092,70030,25413,77,100,61,100,28.3,53,11.7,9.2
8/3/2026 14:00,ENB_10034,10034_1,LHR_DHA_S1,3600,0,374,370,369,367,367,365,99,98,206,202,4,3,434,5040408,515100,73767,29554,77,100,60,100,24.1,54,11.5,7.1
8/3/2026 15:00,ENB_10034,10034_1,LHR_DHA_S1,3600,0,349,344,341,339,339,337,116,115,273,269,4,4,419,7710926,868873,121384,42415,88,100,58,100,31.7,57,17,13.7
8/3/2026 16:00,ENB_10034,10034_1,LHR_DHA_S1,3600,0,398,392,386,384,384,381,73,73,189,186,3,4,438,9951473,1129119,188789,63650,74,100,58,100,36.7,83,17.4,13.5
8/3/2026 17:00,ENB_10034,10034_1,LHR_DHA_S1,3600,0,473,466,463,461,461,458,129,128,265,260,5,5,560,9543684,1798437,176738,63959,88,100,62,100,33.3,67,16.2,11.6
8/3/2026 18:00,ENB_10034,10034_1,LHR_DHA_S1,3600,0,433,426,425,423,423,420,117,116,213,208,5,5,518,9739473,1000334,184458,41122,94,100,79,100,35.5,69,13.9,11.4
8/3/2026 19:00,ENB_10034,10034_1,LHR_DHA_S1,3600,0,380,374,371,369,369,366,102,101,318,312,6,4,437,6851154,1320487,105720,53371,95,100,70,100,38.1,61,19.5,12.8
8/3/2026 20:00,ENB_10034,10034_1,LHR_DHA_S1,3600,0,328,324,323,321,321,319,65,65,210,206,4,3,350,6095506,693700,95219,29436,90,100,57,100,27.6,51,15.1,11.3
8/3/2026 21:00,ENB_10034,10034_1,LHR_DHA_S1,3600,0,370,366,362,360,360,358,119,118,212,208,4,4,442,4764490,840706,98778,37902,67,100,51,100,32.5,68,11.3,8.6
8/3/2026 22:00,ENB_10034,10034_1,LHR_DHA_S1,3600,0,178,176,174,173,173,172,50,50,115,113,2,1,204,6067557,1320062,124872,65488,48,100,34,100,15.9,29,8.7,4.9
8/3/2026 23:00,ENB_10034,10034_1,LHR_DHA_S1,3600,0,193,191,188,188,188,187,53,53,84,83,1,1,224,2146581,304711,28788,17182,28,100,25,100,12.2,24,4.5,2.8
8/4/2026 0:00,ENB_10034,10034_1,LHR_DHA_S1,3600,0,85,84,84,84,84,84,17,17,34,34,0,0,92,1749910,281244,31933,18538,14,100,13,100,6.5,14,3.1,1.8
8/4/2026 1:00,ENB_10034,10034_1,LHR_DHA_S1,3600,45,37,37,37,37,37,37,8,8,16,16,0,0,42,711675,101073,10692,5956,11,100,8,100,3.5,7,1.2,0.7
8/4/2026 2:00,ENB_10034,10034_1,LHR_DHA_S1,3600,0,41,41,41,41,41,41,12,12,25,25,0,0,50,611002,87733,11818,3820,8,100,6,100,2.8,5,1.2,0.7
8/4/2026 3:00,ENB_10034,10034_1,LHR_DHA_S1,3600,0,34,34,34,34,34,34,6,6,15,15,0,0,38,829278,160423,13515,6208,7,100,6,100,2.6,5,1,0.8
8/4/2026 4:00,ENB_10034,10034_1,LHR_DHA_S1,3600,0,32,32,32,32,32,32,5,5,16,16,0,0,34,920710,200845,14862,12409,8,100,7,100,2.8,5,1,0.6
8/4/2026 5:00,ENB_10034,10034_1,LHR_DHA_S1,3600,0,77,76,75,75,75,75,20,20,28,28,0,0,87,989256,172058,15271,8635,13,100,11,100,5.3,11,1.8,1.3
8/4/2026 6:00,ENB_10034,10034_1,LHR_DHA_S1,3600,0,102,101,100,100,100,100,23,23,38,38,0,0,112,2511681,416890,54949,15539,25,100,20,100,8.3,18,3.6,2.6
8/4/2026 7:00,ENB_10034,10034_1,LHR_DHA_S1,3600,0,216,214,213,212,212,211,65,65,115,113,2,1,266,4465021,917868,62645,35549,46,100,27,100,19.3,40,10.4,8.7
8/4/2026 8:00,ENB_10034,10034_1,LHR_DHA_S1,3600,0,242,240,239,238,238,237,71,71,101,100,1,2,281,4812048,827140,70389,34531,69,100,50,100,20.6,42,6.7,4.8
8/4/2026 9:00,ENB_10034,10034_1,LHR_DHA_S1,3600,0,443,438,433,431,431,428,141,140,169,166,3,4,549,6400942,1295469,101798,80900,72,100,46,100,33.6,64,11.3,6.7
8/4/2026 10:00,ENB_10034,10034_1,LHR_DHA_S1,3600,0,254,251,247,246,246,245,52,52,135,133,2,2,286,7971092,1693707,124491,110195,75,100,49,100,27.9,59,12.2,9.9
8/4/2026 11:00,ENB_10034,10034_1,LHR_DHA_S1,3600,0,438,432,427,425,425,422,97,96,173,170,3,4,471,5940598,728587,82458,27228,75,100,68,100,31.4,70,9.7,7.6
8/4/2026 12:00,ENB_10034,10034_1,LHR_DHA_S1,3600,0,328,324,322,321,321,319,74,74,189,186,3,3,366,8694157,1649143,151708,62924,67,100,53,100,28.3,64,11.6,7.2
8/4/2026 13:00,ENB_10034,10034_1,LHR_DHA_S1,3600,0,323,319,316,315,315,313,56,56,248,244,4,3,357,4980709,759416,68221,44476,67,100,46,100,28.3,62,15.3,10.2
8/4/2026 14:00,ENB_10034,10034_1,LHR_DHA_S1,3600,0,403,399,395,393,393,391,98,97,211,207,4,4,450,7984752,1421808,177151,58566,72,100,55,100,33.3,72,10.4,8
8/4/2026 15:00,ENB_10034,10034_1,LHR_DHA_S1,3600,0,361,356,354,352,352,350,114,113,137,135,2,4,429,5743000,596112,79142,23147,83,100,61,100,32.2,61,11,7.7
8/4/2026 16:00,ENB_10034,10034_1,LHR_DHA_S1,3600,0,382,376,371,369,369,367,84,83,164,161,3,3,433,7690840,1630514,109738,74245,94,100,67,100,34.9,79,15.7,12.1
8/4/2026 17:00,ENB_10034,10034_1,LHR_DHA_S1,3600,0,454,448,445,443,443,440,128,127,241,236,5,5,512,7772565,1685916,110506,68092,91,100,75,100,32.6,65,10,5.5
8/4/2026 18:00,ENB_10034,10034_1,LHR_DHA_S1,3600,0,521,513,511,508,508,504,160,159,210,205,5,5,598,9190073,1897764,156100,98163,98,100,79,100,37.1,89,19.5,13.6
8/4/2026 19:00,ENB_10034,10034_1,LHR_DHA_S1,3600,0,415,409,403,401,401,398,81,80,186,183,3,5,444,9746958,2050339,142082,74441,98,100,78,100,31.3,53,10.5,6.9
8/4/2026 20:00,ENB_10034,10034_1,LHR_DHA_S1,3600,0,344,339,335,333,333,331,90,89,205,201,4,4,389,6934399,961125,106817,38211,93,100,57,100,27.9,63,14.3,11.8
8/4/2026 21:00,ENB_10034,10034_1,LHR_DHA_S1,3600,0,349,345,341,340,340,338,53,53,245,241,4,3,354,6550444,1175540,106954,69261,68,100,49,100,30.4,49,11.7,8
8/4/2026 22:00,ENB_10034,10034_1,LHR_DHA_S1,3600,0,222,220,218,217,217,216,64,64,99,98,1,2,266,5792598,844466,77724,41250,52,100,39,100,19.9,38,8.7,7.3
8/4/2026 23:00,ENB_10034,10034_1,LHR_DHA_S1,3600,0,205,203,203,203,203,202,66,66,121,120,1,1,248,3128265,418613,48510,25518,33,100,23,100,13.8,24,6.1,4.5
8/5/2026 0:00,ENB_10034,10034_1,LHR_DHA_S1,3600,0,55,55,55,55,55,55,19,19,21,21,0,0,68,1255084,193511,22399,11593,15,100,11,100,4.9,11,2.1,1.5
8/5/2026 1:00,ENB_10034,10034_1,LHR_DHA_S1,3600,0,47,47,47,47,47,47,10,10,33,33,0,0,55,929114,161167,19063,9242,10,100,7,100,4.8,10,2.6,1.8
8/5/2026 2:00,ENB_10034,10034_1,LHR_DHA_S1,3600,0,32,32,32,32,32,32,5,5,15,15,0,0,34,909125,198376,13492,8224,9,100,7,100,2.6,5,1.4,1.2
8/5/2026 3:00,ENB_10034,10034_1,LHR_DHA_S1,3600,0,26,26,26,26,26,26,5,5,23,23,0,0,29,632060,65421,8991,2683,7,100,5,100,2.6,5,1,0.7
8/5/2026 4:00,ENB_10034,10034_1,LHR_DHA_S1,3600,0,34,34,34,34,34,34,12,12,34,34,0,0,44,713671,130231,15357,4755,9,100,7,100,3.8,7,1.3,0.7
8/5/2026 5:00,ENB_10034,10034_1,LHR_DHA_S1,3600,0,71,71,70,70,70,70,16,16,41,41,0,0,82,1182203,122329,22480,5935,13,100,9,100,4.7,8,2.3,1.7
8/5/2026 6:00,ENB_10034,10034_1,LHR_DHA_S1,3600,0,131,130,130,130,130,130,25,25,56,55,1,1,145,2795951,317526,42255,11441,21,100,19,100,9.4,21,3.4,2.2
8/5/2026 7:00,ENB_10034,10034_1,LHR_DHA_S1,3600,0,265,262,261,260,260,259,70,70,78,77,1,2,297,4946362,1058370,66166,47791,39,100,31,100,18.6,43,9.6,5.5
8/5/2026 8:00,ENB_10034,10034_1,LHR_DHA_S1,3600,295,343,339,337,336,336,334,56,56,130,128,2,3,355,6680236,744036,97320,36248,61,100,50,100,29,59,11.6,6.7
8/5/2026 9:00,ENB_10034,10034_1,LHR_DHA_S1,3600,0,343,339,335,334,334,332,88,87,273,269,4,3,382,8048617,897103,119752,46635,67,100,59,100,32.4,76,12.5,9.3
8/5/2026 10:00,ENB_10034,10034_1,LHR_DHA_S1,3600,0,391,386,380,378,378,376,85,84,241,237,4,4,434,7321981,1240543,134691,78479,67,100,64,100,29.7,60,9.3,5.3
8/5/2026 11:00,ENB_10034,10034_1,LHR_DHA_S1,3600,0,446,441,440,438,438,435,110,109,238,234,4,4,503,9523868,1693772,150758,105543,75,100,58,100,32.1,66,12.8,10.3
8/5/2026 12:00,ENB_10034,10034_1,LHR_DHA_S1,3600,0,439,433,432,430,430,427,141,140,264,259,5,4,514,6018389,1323146,119792,66047,71,100,57,100,29.9,66,10.9,8.3
8/5/2026 13:00,ENB_10034,10034_1,LHR_DHA_S1,3600,0,438,432,427,425,425,422,65,65,194,191,3,4,460,8017777,1445964,129421,51734,79,100,59,100,28.8,67,12.1,8.5
8/5/2026 14:00,ENB_10034,10034_1,LHR_DHA_S1,3600,0,425,420,414,412,412,409,120,119,185,182,3,4,499,9305956,1891195,150505,89951,82,100,59,100,32.1,65,13.3,10.2
8/5/2026 15:00,ENB_10034,10034_1,LHR_DHA_S1,3600,0,345,340,336,334,334,332,80,79,169,166,3,4,390,8102478,1252174,118878,53664,78,100,67,100,26.1,42,11.5,7.1
8/5/2026 16:00,ENB_10034,10034_1,LHR_DHA_S1,3600,0,322,317,314,312,312,310,81,80,166,162,4,3,365,6919134,1357003,106414,59027,79,100,57,100,29.1,60,15.6,11.9
8/5/2026 17:00,ENB_10034,10034_1,LHR_DHA_S1,3600,0,413,408,408,406,406,403,80,79,257,252,5,4,441,9791731,1093157,214820,67328,91,100,83,100,37.9,90,19.7,11
8/5/2026 18:00,ENB_10034,10034_1,LHR_DHA_S1,3600,0,510,501,498,495,495,491,148,147,290,283,7,6,585,12101882,1786246,164862,63180,98,100,66,100,44.4,82,21.3,17.9
8/5/2026 19:00,ENB_10034,10034_1,LHR_DHA_S1,3600,0,444,437,435,433,433,430,83,82,220,216,4,5,482,10626915,1156093,169391,53662,94,100,83,100,32.1,54,17.5,10.7
8/5/2026 20:00,ENB_10034,10034_1,LHR_DHA_S1,3600,0,404,398,396,394,394,391,62,62,278,273,5,3,424,6342845,1255270,119972,54288,92,100,78,100,40.6,94,15.8,10.2
8/5/2026 21:00,ENB_10034,10034_1,LHR_DHA_S1,3600,0,464,459,459,457,457,454,156,155,232,228,4,5,567,7632512,1403065,125633,81497,80,100,47,100,33.3,63,17.1,10.6
8/5/2026 22:00,ENB_10034,10034_1,LHR_DHA_S1,3600,0,230,228,227,226,226,225,64,64,122,120,2,1,263,5109274,661607,73702,41004,54,100,34,100,17.1,29,5.2,3.4
8/5/2026 23:00,ENB_10034,10034_1,LHR_DHA_S1,3600,0,118,117,115,115,115,115,19,19,60,59,1,1,127,3507039,710158,64017,30983,33,100,20,100,11.8,26,3.7,2.6
7/30/2026 0:00,ENB_10057,10057_1,LHR_Johar_S1,3600,0,51,51,51,51,51,51,13,13,37,37,0,0,60,853199,181948,14172,7938,12,100,8,100,5,11,2.1,1.5
7/30/2026 1:00,ENB_10057,10057_1,LHR_Johar_S1,3600,0,37,37,36,36,36,36,10,10,23,23,0,0,44,799331,155203,12107,8448,7,100,6,100,3.1,7,1.1,0.6
7/30/2026 2:00,ENB_10057,10057_1,LHR_Johar_S1,3600,0,34,34,34,34,34,34,11,11,19,19,0,0,42,689353,77283,9722,3440,6,100,4,100,2.6,6,0.9,0.6
7/30/2026 3:00,ENB_10057,10057_1,LHR_Johar_S1,3600,0,27,27,27,27,27,27,6,6,11,11,0,0,30,564236,74297,8056,4603,5,100,5,100,2,5,1,0.6
7/30/2026 4:00,ENB_10057,10057_1,LHR_Johar_S1,3600,0,41,41,41,41,41,41,7,7,16,16,0,0,45,583565,60302,7914,3117,5,100,4,100,2.7,6,1,0.8
7/30/2026 5:00,ENB_10057,10057_1,LHR_Johar_S1,3600,0,40,40,39,39,39,39,10,10,24,24,0,0,45,701084,75561,14468,2547,8,100,6,100,4,7,1.3,0.9
7/30/2026 6:00,ENB_10057,10057_1,LHR_Johar_S1,3600,0,102,101,101,101,101,101,31,31,37,37,0,0,119,1851758,186942,27677,6268,16,100,12,100,7,16,3.5,2.5
7/30/2026 7:00,ENB_10057,10057_1,LHR_Johar_S1,3600,0,201,200,198,198,198,197,69,69,89,88,1,1,243,2271380,396731,35060,17511,29,100,23,100,12.9,23,4.7,3.4
7/30/2026 8:00,ENB_10057,10057_1,LHR_Johar_S1,3600,0,297,295,295,294,294,293,97,97,140,138,2,2,360,4972149,810222,105131,43396,50,100,29,100,20,45,9.3,7.6
7/30/2026 9:00,ENB_10057,10057_1,LHR_Johar_S1,3600,0,250,247,244,243,243,242,55,55,124,122,2,2,283,3765323,429945,58174,16927,55,100,34,100,18.5,36,8,5
7/30/2026 10:00,ENB_10057,10057_1,LHR_Johar_S1,3600,0,231,229,226,225,225,224,74,74,92,91,1,2,273,4121516,712961,90524,36939,48,100,39,100,22.1,39,9.5,7
7/30/2026 11:00,ENB_10057,10057_1,LHR_Johar_S1,3600,0,339,335,330,329,329,327,78,78,133,131,2,2,386,3873341,836766,77105,54335,49,100,40,100,22.5,48,10.9,6.7
7/30/2026 12:00,ENB_10057,10057_1,LHR_Johar_S1,3600,0,277,275,275,274,274,273,68,68,188,185,3,2,318,5735193,1062687,81366,70236,50,100,40,100,23.7,55,10.3,7
7/30/2026 13:00,ENB_10057,10057_1,LHR_Johar_S1,3600,0,326,323,321,320,320,319,101,101,101,100,1,2,389,5543866,794142,111437,47879,48,100,42,100,24.2,50,8.6,5.2
7/30/2026 14:00,ENB_10057,10057_1,LHR_Johar_S1,3600,0,202,200,197,196,196,195,46,46,103,101,2,2,217,3786681,751635,58528,40096,51,100,39,100,21.5,43,7.3,5.1
7/30/2026 15:00,ENB_10057,10057_1,LHR_Johar_S1,3600,0,253,250,248,247,247,246,48,48,202,199,3,2,282,6786505,1146706,112894,75646,63,100,44,100,25.7,45,10,6.2
7/30/2026 16:00,ENB_10057,10057_1,LHR_Johar_S1,3600,0,265,262,261,260,260,259,65,65,168,165,3,2,305,5123280,1040430,106225,42449,66,100,41,100,25.1,56,11.9,9.8
7/30/2026 17:00,ENB_10057,10057_1,LHR_Johar_S1,3600,0,364,360,357,356,356,354,96,95,211,207,4,3,405,4566874,891928,75791,55303,69,100,50,100,23.9,49,9.6,5.6
7/30/2026 18:00,ENB_10057,10057_1,LHR_Johar_S1,3600,0,476,470,469,467,467,464,91,90,183,180,3,4,529,8304996,1070751,129862,46087,66,100,66,100,33.1,61,12.3,7.8
7/30/2026 19:00,ENB_10057,10057_1,LHR_Johar_S1,3600,0,270,267,264,263,263,262,64,64,241,238,3,2,304,4728785,684789,74339,38700,71,100,57,100,27.2,58,11.4,8.8
7/30/2026 20:00,ENB_10057,10057_1,LHR_Johar_S1,3600,0,408,403,398,396,396,394,69,69,260,256,4,3,426,6320233,1359327,90340,49950,61,100,44,100,29.2,55,13.5,7.8
7/30/2026 21:00,ENB_10057,10057_1,LHR_Johar_S1,3600,0,229,227,224,223,223,222,50,50,142,140,2,2,254,3560911,485907,71628,23208,57,100,34,100,18.9,36,6.3,4.2
7/30/2026 22:00,ENB_10057,10057_1,LHR_Johar_S1,3600,0,243,241,240,239,239,238,74,74,76,75,1,2,287,3109461,682751,60452,40309,41,100,24,100,15.7,32,4.9,2.9
7/30/2026 23:00,ENB_10057,10057_1,LHR_Johar_S1,3600,0,89,88,88,88,88,88,29,29,61,61,0,1,110,2097244,366708,32384,18352,22,100,18,100,9.2,19,4.5,3.4
7/31/2026 0:00,ENB_10057,10057_1,LHR_Johar_S1,3600,0,72,72,72,72,72,72,13,13,40,40,0,0,77,1310640,207198,18890,12906,12,100,10,100,5.2,11,1.6,0.9
7/31/2026 1:00,ENB_10057,10057_1,LHR_Johar_S1,3600,0,53,53,53,53,53,53,10,10,16,16,0,0,60,802515,129889,15503,7648,8,100,6,100,3.5,6,1.1,0.8
7/31/2026 2:00,ENB_10057,10057_1,LHR_Johar_S1,3600,0,34,34,34,34,34,34,9,9,10,10,0,0,41,449367,57477,6052,2164,7,100,5,100,2.5,6,0.9,0.6
7/31/2026 3:00,ENB_10057,10057_1,LHR_Johar_S1,3600,0,21,21,21,21,21,21,5,5,11,11,0,0,25,511530,78803,9408,4892,5,100,3,100,1.9,3,1,0.8
7/31/2026 4:00,ENB_10057,10057_1,LHR_Johar_S1,3600,0,20,20,20,20,20,20,3,3,13,13,0,0,21,649310,118019,11623,7520,5,100,5,100,2,4,0.6,0.5
7/31/2026 5:00,ENB_10057,10057_1,LHR_Johar_S1,3600,0,28,28,28,28,28,28,7,7,17,17,0,0,34,775005,122856,11278,6215,10,100,6,100,3,6,1.6,0.9
7/31/2026 6:00,ENB_10057,10057_1,LHR_Johar_S1,3600,0,94,93,93,93,93,93,17,17,51,51,0,0,103,1309968,238946,27482,9195,16,100,13,100,6.1,12,2,1.7
7/31/2026 7:00,ENB_10057,10057_1,LHR_Johar_S1,3600,0,117,116,115,115,115,115,23,23,56,55,1,1,126,2803670,280518,38603,17015,31,100,24,100,12.3,22,3.8,2.2
7/31/2026 8:00,ENB_10057,10057_1,LHR_Johar_S1,3600,0,268,265,263,262,262,261,50,50,78,77,1,2,286,3127089,524731,47294,22394,49,100,29,100,19.3,43,7.8,5.4
7/31/2026 9:00,ENB_10057,10057_1,LHR_Johar_S1,3600,0,309,306,305,304,304,303,90,90,128,126,2,2,356,5761035,807495,108181,30219,50,100,44,100,22.2,50,10.6,8
7/31/2026 10:00,ENB_10057,10057_1,LHR_Johar_S1,3600,0,212,210,208,207,207,206,64,64,83,82,1,2,244,6008938,1309104,83106,66327,57,100,38,100,19.9,38,7.5,4.1
7/31/2026 11:00,ENB_10057,10057_1,LHR_Johar_S1,3600,0,334,331,327,326,326,324,69,69,115,113,2,2,365,4476176,821746,63444,34160,55,100,38,100,21.2,40,11.2,9
7/31/2026 12:00,ENB_10057,10057_1,LHR_Johar_S1,3600,0,322,318,315,314,314,313,107,106,198,195,3,2,383,5201010,598607,96037,22750,59,100,39,100,23.5,46,7.3,6.2
7/31/2026 13:00,ENB_10057,10057_1,LHR_Johar_S1,3600,0,353,350,348,347,347,345,94,94,156,154,2,3,412,3939033,726299,80449,47167,53,100,41,100,22.2,49,9,6.5
7/31/2026 14:00,ENB_10057,10057_1,LHR_Johar_S1,3600,0,372,368,367,366,366,364,93,93,119,118,1,3,418,4455754,548848,79386,19374,54,100,47,100,23.6,54,9.1,6.4
7/31/2026 15:00,ENB_10057,10057_1,LHR_Johar_S1,3600,0,285,282,281,280,280,279,85,85,161,159,2,2,352,6665974,1102322,107621,54060,63,100,40,100,18.4,32,9.8,7.2
7/31/2026 16:00,ENB_10057,10057_1,LHR_Johar_S1,3600,0,305,301,300,299,299,297,87,87,122,120,2,3,368,4391485,554533,63862,25761,62,100,55,100,24.6,54,10.3,7.8
7/31/2026 17:00,ENB_10057,10057_1,LHR_Johar_S1,3600,0,307,303,300,299,299,297,76,76,150,148,2,3,336,7612326,1458607,140328,59461,69,100,44,100,21.3,36,7.7,5.9
7/31/2026 18:00,ENB_10057,10057_1,LHR_Johar_S1,3600,0,426,421,415,413,413,411,95,94,272,268,4,4,486,7153766,1217338,139456,67575,80,100,60,100,31.5,74,14,10.1
7/31/2026 19:00,ENB_10057,10057_1,LHR_Johar_S1,3600,0,319,315,315,314,314,312,77,77,192,189,3,2,352,5528672,834038,104469,34395,71,100,46,100,25.3,51,7.7,4.6
7/31/2026 20:00,ENB_10057,10057_1,LHR_Johar_S1,3600,0,265,262,259,258,258,257,90,89,207,204,3,3,317,5360856,781207,71784,32172,65,100,40,100,24.2,51,7.3,5.4
7/31/2026 21:00,ENB_10057,10057_1,LHR_Johar_S1,3600,0,261,258,255,254,254,253,57,57,83,82,1,2,296,5359818,1161939,82644,76228,55,100,36,100,17.1,28,6.3,4.4
7/31/2026 22:00,ENB_10057,10057_1,LHR_Johar_S1,3600,0,149,148,147,147,147,146,47,47,89,88,1,1,179,2929047,607887,39462,38532,40,100,30,100,14,25,5.8,3.7
7/31/2026 23:00,ENB_10057,10057_1,LHR_Johar_S1,3600,0,124,123,122,122,122,122,41,41,77,76,1,1,152,2385218,427574,35007,20869,20,100,15,100,9.3,16,2.9,2.5
8/1/2026 0:00,ENB_10057,10057_1,LHR_Johar_S1,3600,303,39,39,39,39,39,39,12,12,36,36,0,0,46,695269,124047,11065,4237,11,100,8,100,4.3,9,1.9,1.1
8/1/2026 1:00,ENB_10057,10057_1,LHR_Johar_S1,3600,0,29,29,29,29,29,29,5,5,14,14,0,0,31,694394,134063,11467,4567,7,100,5,100,3,6,1.6,1.2
8/1/2026 2:00,ENB_10057,10057_1,LHR_Johar_S1,3600,0,26,26,26,26,26,26,9,9,9,9,0,0,32,623050,91767,13202,3390,6,100,4,100,2.3,4,1.2,0.8
8/1/2026 3:00,ENB_10057,10057_1,LHR_Johar_S1,3600,0,20,20,20,20,20,20,7,7,12,12,0,0,25,519011,94097,7609,4414,4,100,3,100,2,4,0.9,0.6
8/1/2026 4:00,ENB_10057,10057_1,LHR_Johar_S1,3600,0,27,27,27,27,27,27,5,5,15,15,0,0,30,478642,93942,8161,5101,5,100,3,100,2,4,0.8,0.6
8/1/2026 5:00,ENB_10057,10057_1,LHR_Johar_S1,3600,0,40,40,40,40,40,40,13,13,16,16,0,0,51,916984,107315,14666,5191,8,100,6,100,3.4,7,1.7,1.4
8/1/2026 6:00,ENB_10057,10057_1,LHR_Johar_S1,3600,0,82,82,82,82,82,82,16,16,44,44,0,0,89,1210914,264938,18911,10795,13,100,13,100,6.3,13,2.6,2.1
8/1/2026 7:00,ENB_10057,10057_1,LHR_Johar_S1,3600,0,152,151,150,150,150,150,32,32,55,54,1,1,170,2828905,433760,40705,25284,25,100,18,100,10.5,19,5,4
8/1/2026 8:00,ENB_10057,10057_1,LHR_Johar_S1,3600,0,244,241,240,239,239,238,47,47,73,72,1,1,269,2967328,366500,43087,18899,43,100,36,100,17.6,35,7.4,4.4
8/1/2026 9:00,ENB_10057,10057_1,LHR_Johar_S1,3600,0,223,221,220,219,219,218,70,70,145,143,2,2,273,4322127,943432,60666,41640,42,100,31,100,17.9,39,5.8,3.9
8/1/2026 10:00,ENB_10057,10057_1,LHR_Johar_S1,3600,0,233,231,229,228,228,227,41,41,106,104,2,1,254,4630335,821731,70879,29929,47,100,36,100,15.6,31,7.1,5.7
8/1/2026 11:00,ENB_10057,10057_1,LHR_Johar_S1,3600,0,184,182,180,179,179,178,37,37,180,177,3,1,194,5290456,917486,77448,32251,50,100,31,100,20.2,37,8.6,6.7
8/1/2026 12:00,ENB_10057,10057_1,LHR_Johar_S1,3600,0,262,259,257,256,256,255,87,87,181,178,3,2,327,4603944,734873,65709,34385,45,100,34,100,22.4,40,9.3,6.1
8/1/2026 13:00,ENB_10057,10057_1,LHR_Johar_S1,3600,0,291,288,288,287,287,286,95,95,99,97,2,2,348,4788842,647902,91262,30214,50,100,39,100,19.6,34,9,6.2
8/1/2026 14:00,ENB_10057,10057_1,LHR_Johar_S1,3600,0,198,196,194,193,193,192,58,58,124,122,2,1,233,3941898,862182,55465,33076,45,100,30,100,17.5,34,7.8,4.7
8/1/2026 15:00,ENB_10057,10057_1,LHR_Johar_S1,3600,0,236,234,231,230,230,229,49,49,106,105,1,2,268,5142862,552150,83620,23231,49,100,36,100,23.6,53,10.2,8.5
8/1/2026 16:00,ENB_10057,10057_1,LHR_Johar_S1,3600,0,344,341,336,335,335,333,100,99,143,141,2,3,411,3929764,479343,67870,24925,56,100,44,100,24.8,47,11.1,7.1
8/1/2026 17:00,ENB_10057,10057_1,LHR_Johar_S1,3600,0,270,267,264,263,263,262,44,44,111,109,2,2,283,6532431,1151250,124839,42514,56,100,51,100,24.2,47,11.8,6.7
8/1/2026 18:00,ENB_10057,10057_1,LHR_Johar_S1,3600,0,252,249,248,247,247,246,81,81,157,154,3,2,301,6220454,913926,91651,46868,62,100,50,100,21.1,47,9,6.2
8/1/2026 19:00,ENB_10057,10057_1,LHR_Johar_S1,3600,0,242,240,239,238,238,237,48,48,102,100,2,2,276,5359260,1037213,111247,37236,67,100,53,100,19.9,33,9.4,7.9
8/1/2026 20:00,ENB_10057,10057_1,LHR_Johar_S1,3600,0,183,181,179,178,178,177,58,58,171,169,2,2,219,6124995,629231,127277,36105,54,100,41,100,19.5,39,10,6.6
8/1/2026 21:00,ENB_10057,10057_1,LHR_Johar_S1,3600,0,237,234,233,232,232,231,62,62,140,138,2,2,277,4183826,728193,60561,48496,47,100,37,100,16.2,27,7.6,4.2
8/1/2026 22:00,ENB_10057,10057_1,LHR_Johar_S1,3600,0,188,186,184,184,184,183,37,37,79,78,1,1,210,2431961,472327,38284,22869,36,100,26,100,12.2,22,4.2,3
8/1/2026 23:00,ENB_10057,10057_1,LHR_Johar_S1,3600,0,120,119,118,118,118,118,23,23,44,43,1,1,131,2340115,506511,31869,21715,20,100,18,100,7.6,15,4.1,3.4
8/2/2026 0:00,ENB_10057,10057_1,LHR_Johar_S1,3600,0,30,30,30,30,30,30,8,8,26,26,0,0,35,814763,140927,15265,6475,9,100,7,100,3.1,7,1.5,1
8/2/2026 1:00,ENB_10057,10057_1,LHR_Johar_S1,3600,0,31,31,31,31,31,31,11,11,15,15,0,0,39,597772,72747,8490,2653,6,100,5,100,2.2,4,0.8,0.4
8/2/2026 2:00,ENB_10057,10057_1,LHR_Johar_S1,3600,0,34,34,34,34,34,34,11,11,18,18,0,0,43,557519,100584,10391,3395,5,100,4,100,2.2,5,0.7,0.6
8/2/2026 3:00,ENB_10057,10057_1,LHR_Johar_S1,3600,0,22,22,22,22,22,22,6,6,9,9,0,0,25,374917,49332,5009,2149,5,100,4,100,1.4,3,0.6,0.5
8/2/2026 4:00,ENB_10057,10057_1,LHR_Johar_S1,3600,0,21,21,21,21,21,21,6,6,11,11,0,0,26,394718,45791,7055,1631,5,100,3,100,1.9,4,1,0.8
8/2/2026 5:00,ENB_10057,10057_1,LHR_Johar_S1,3600,0,30,30,30,30,30,30,6,6,21,21,0,0,33,659037,96476,8915,5757,8,100,5,100,2.5,5,1.3,0.8
8/2/2026 6:00,ENB_10057,10057_1,LHR_Johar_S1,3600,0,69,69,69,69,69,69,13,13,43,43,0,0,78,1337124,272846,21333,11715,13,100,11,100,4.8,8,2.1,1.3
8/2/2026 7:00,ENB_10057,10057_1,LHR_Johar_S1,3600,0,78,77,77,77,77,77,13,13,64,63,1,0,85,2715438,418217,46932,20474,24,100,18,100,7.8,17,2.4,1.8
8/2/2026 8:00,ENB_10057,10057_1,LHR_Johar_S1,3600,0,164,163,162,162,162,161,53,53,62,61,1,1,201,3189042,454486,61701,27934,40,100,26,100,14.3,30,6.1,3.6
8/2/2026 9:00,ENB_10057,10057_1,LHR_Johar_S1,3600,0,218,216,214,213,213,212,39,39,110,109,1,1,232,3189043,580234,65479,36900,39,100,34,100,14.5,35,7.2,6
8/2/2026 10:00,ENB_10057,10057_1,LHR_Johar_S1,3600,0,135,134,134,134,134,133,25,25,111,110,1,1,145,5209592,1038360,83151,68611,48,100,36,100,14.7,26,7.2,4.4
8/2/2026 11:00,ENB_10057,10057_1,LHR_Johar_S1,3600,0,192,190,188,187,187,186,54,54,75,74,1,1,231,4631451,943666,98585,45015,50,100,34,100,14.8,32,7.4,6.2
8/2/2026 12:00,ENB_10057,10057_1,LHR_Johar_S1,3600,0,214,212,211,210,210,209,32,32,73,72,1,1,220,3271433,589458,64972,35140,41,100,34,100,16.3,31,5.4,4
8/2/2026 13:00,ENB_10057,10057_1,LHR_Johar_S1,3600,0,212,210,207,206,206,205,35,35,125,123,2,1,231,3787637,673792,80076,30332,39,100,30,100,19,32,8.6,6.7
8/2/2026 14:00,ENB_10057,10057_1,LHR_Johar_S1,3600,0,305,303,302,301,301,300,90,90,148,146,2,2,367,3359055,655405,70931,29119,47,100,38,100,19.1,41,9.3,5.3
8/2/2026 15:00,ENB_10057,10057_1,LHR_Johar_S1,3600,0,202,200,198,197,197,196,37,37,85,84,1,1,217,4468563,591336,72285,20987,48,100,33,100,16.6,33,6,4.3
8/2/2026 16:00,ENB_10057,10057_1,LHR_Johar_S1,3600,0,171,169,167,166,166,165,57,57,96,95,1,1,203,3692700,549821,68141,33575,51,100,38,100,16.7,34,7.8,4.4
8/2/2026 17:00,ENB_10057,10057_1,LHR_Johar_S1,3600,0,294,291,290,289,289,288,64,64,157,154,3,2,321,5894326,1209143,87921,49087,55,100,49,100,24.5,45,13.2,11
8/2/2026 18:00,ENB_10057,10057_1,LHR_Johar_S1,3600,0,409,405,400,399,399,397,92,92,132,130,2,3,460,4828321,684873,106300,26978,58,100,43,100,27.1,60,12,7.6
8/2/2026 19:00,ENB_10057,10057_1,LHR_Johar_S1,3600,0,314,311,310,309,309,307,106,105,137,135,2,3,388,4212556,439174,80492,19808,58,100,39,100,22.7,52,7.7,5
8/2/2026 20:00,ENB_10057,10057_1,LHR_Johar_S1,3600,0,222,220,217,216,216,215,51,51,107,106,1,1,257,3885714,604241,78143,26524,57,100,35,100,17.6,33,6.1,4.7
8/2/2026 21:00,ENB_10057,10057_1,LHR_Johar_S1,3600,0,251,248,245,244,244,243,76,76,91,90,1,2,301,3157664,679560,67355,42520,47,100,30,100,18.8,37,9.8,6.3
8/2/2026 22:00,ENB_10057,10057_1,LHR_Johar_S1,3600,0,138,137,135,135,135,135,24,24,59,58,1,1,151,2808005,517538,48549,18440,32,100,26,100,10.9,23,3.8,2.6
8/2/2026 23:00,ENB_10057,10057_1,LHR_Johar_S1,3600,0,62,62,62,62,62,62,14,14,40,40,0,0,72,1380134,150541,19833,6452,20,100,15,100,6.1,15,3,2.2
8/3/2026 0:00,ENB_10057,10057_1,LHR_Johar_S1,3600,0,40,40,39,39,39,39,6,6,20,20,0,0,43,1249947,144825,27142,5610,12,100,8,100,4.2,9,2.3,1.7
8/3/2026 1:00,ENB_10057,10057_1,LHR_Johar_S1,3600,0,29,29,29,29,29,29,5,5,20,20,0,0,31,754874,124692,10765,4240,7,100,5,100,2.6,5,1.3,1
8/3/2026 2:00,ENB_10057,10057_1,LHR_Johar_S1,3600,0,16,16,16,16,16,16,4,4,13,13,0,0,18,497785,98515,7352,4695,6,100,4,100,1.8,3,0.6,0.5
8/3/2026 3:00,ENB_10057,10057_1,LHR_Johar_S1,3600,127,23,23,23,23,23,23,6,6,8,8,0,0,26,602374,123170,11585,4728,5,100,3,100,1.6,3,0.5,0.4
8/3/2026 4:00,ENB_10057,10057_1,LHR_Johar_S1,3600,0,30,30,30,30,30,30,8,8,20,20,0,0,35,538982,54134,7613,2764,5,100,5,100,2.4,5,0.7,0.6
8/3/2026 5:00,ENB_10057,10057_1,LHR_Johar_S1,3600,0,34,34,34,34,34,34,8,8,11,11,0,0,38,954590,104145,14310,3920,9,100,7,100,2.8,5,1.1,0.9
8/3/2026 6:00,ENB_10057,10057_1,LHR_Johar_S1,3600,0,63,63,63,63,63,63,20,20,31,31,0,0,80,1373472,252030,21913,12472,15,100,13,100,5.1,11,1.7,1
8/3/2026 7:00,ENB_10057,10057_1,LHR_Johar_S1,3600,0,153,152,152,152,152,152,45,45,85,84,1,1,185,2219622,262818,38296,12034,30,100,21,100,12.8,26,4.2,3.2
8/3/2026 8:00,ENB_10057,10057_1,LHR_Johar_S1,3600,0,287,285,282,281,281,280,54,54,127,125,2,2,316,3796632,554043,53497,18728,47,100,30,100,19.6,47,7.5,6.1
8/3/2026 9:00,ENB_10057,10057_1,LHR_Johar_S1,3600,0,236,234,231,230,230,229,52,52,76,75,1,2,262,3711328,488017,49612,27335,46,100,40,100,17.3,34,6.2,5.1
8/3/2026 10:00,ENB_10057,10057_1,LHR_Johar_S1,3600,0,178,176,176,175,175,174,31,31,91,90,1,1,189,5713181,808173,95431,32187,55,100,36,100,16.8,27,5.4,3.8
8/3/2026 11:00,ENB_10057,10057_1,LHR_Johar_S1,3600,0,314,311,307,306,306,305,76,76,188,185,3,3,357,6502350,1218164,137484,57797,55,100,42,100,25,46,11.7,8.8
8/3/2026 12:00,ENB_10057,10057_1,LHR_Johar_S1,3600,0,252,249,247,246,246,245,65,65,119,117,2,2,284,3923264,860348,57559,40470,50,100,38,100,21.1,40,8.1,6.5
8/3/2026 13:00,ENB_10057,10057_1,LHR_Johar_S1,3600,0,288,285,283,282,282,281,69,69,107,106,1,2,334,6083348,978479,108766,46451,50,100,43,100,21.1,46,11,7.6
8/3/2026 14:00,ENB_10057,10057_1,LHR_Johar_S1,3600,0,310,307,303,302,302,301,90,90,130,128,2,2,357,5709984,934623,82049,34369,52,100,44,100,23.5,54,8.2,5.2
8/3/2026 15:00,ENB_10057,10057_1,LHR_Johar_S1,3600,0,208,206,205,204,204,203,56,56,125,123,2,1,234,6447494,884297,96858,37374,62,100,36,100,21.8,37,8.9,6.3
8/3/2026 16:00,ENB_10057,10057_1,LHR_Johar_S1,3600,0,289,286,285,284,284,283,53,53,209,206,3,2,323,6669078,1393841,95710,51371,57,100,48,100,23.8,44,7.4,4.2
8/3/2026 17:00,ENB_10057,10057_1,LHR_Johar_S1,3600,0,373,369,364,363,363,361,77,77,111,109,2,3,417,6352238,1145027,97529,38957,62,100,45,100,24.4,58,9.1,6.1
8/3/2026 18:00,ENB_10057,10057_1,LHR_Johar_S1,3600,0,422,418,415,413,413,411,124,123,159,156,3,3,481,6156694,1095152,118874,71196,64,100,51,100,27.2,54,8.6,5.1
8/3/2026 19:00,ENB_10057,10057_1,LHR_Johar_S1,3600,0,435,430,424,422,422,420,117,116,154,151,3,4,494,6925984,1234729,137753,49315,72,100,51,100,31.3,51,13.5,9.8
8/3/2026 20:00,ENB_10057,10057_1,LHR_Johar_S1,3600,0,286,283,282,281,281,280,80,80,102,100,2,2,339,7346938,1145961,100647,38237,61,100,50,100,20.6,38,10.1,6.8
8/3/2026 21:00,ENB_10057,10057_1,LHR_Johar_S1,3600,0,197,195,194,193,193,192,56,56,85,84,1,1,228,3605906,415447,70269,17527,50,100,34,100,17.5,29,7.2,5.7
8/3/2026 22:00,ENB_10057,10057_1,LHR_Johar_S1,3600,0,217,215,214,213,213,212,55,55,110,109,1,1,249,2747726,293955,56322,15660,35,100,31,100,14.1,33,6.5,3.6
8/3/2026 23:00,ENB_10057,10057_1,LHR_Johar_S1,3600,321,99,98,98,98,98,98,31,31,53,52,1,1,123,2377486,286772,46165,18406,22,100,17,100,7.8,14,3.4,2.5
8/4/2026 0:00,ENB_10057,10057_1,LHR_Johar_S1,3600,0,54,54,54,54,54,54,14,14,24,24,0,0,66,798948,156201,17619,7005,10,100,9,100,4.1,9,1.3,0.7
8/4/2026 1:00,ENB_10057,10057_1,LHR_Johar_S1,3600,0,27,27,27,27,27,27,6,6,12,12,0,0,31,740515,146281,12957,6070,8,100,6,100,2.3,4,0.9,0.6
8/4/2026 2:00,ENB_10057,10057_1,LHR_Johar_S1,3600,0,28,28,28,28,28,28,8,8,16,16,0,0,34,504816,74244,7485,2884,6,100,5,100,2.1,5,1,0.8
8/4/2026 3:00,ENB_10057,10057_1,LHR_Johar_S1,3600,0,26,26,26,26,26,26,8,8,8,8,0,0,32,394927,69419,8017,3233,5,100,4,100,1.7,4,0.9,0.7
8/4/2026 4:00,ENB_10057,10057_1,LHR_Johar_S1,3600,0,30,30,30,30,30,30,9,9,10,10,0,0,36,471211,61439,9761,2381,6,100,4,100,2.2,4,1.2,1
8/4/2026 5:00,ENB_10057,10057_1,LHR_Johar_S1,3600,0,36,36,35,35,35,35,9,9,25,25,0,0,40,807192,99704,16028,5110,8,100,6,100,3.8,7,2,1.3
8/4/2026 6:00,ENB_10057,10057_1,LHR_Johar_S1,3600,0,77,77,77,77,77,77,12,12,47,47,0,0,83,1392351,151776,18632,8613,15,100,11,100,6.7,16,2.4,2
8/4/2026 7:00,ENB_10057,10057_1,LHR_Johar_S1,3600,0,192,191,189,189,189,188,30,30,87,86,1,1,211,2406315,370441,44004,24181,30,100,23,100,12.6,25,6.8,3.8
8/4/2026 8:00,ENB_10057,10057_1,LHR_Johar_S1,3600,0,234,232,229,228,228,227,49,49,116,114,2,2,265,4490292,486521,64965,16868,41,100,29,100,17.5,33,7.5,4.6
8/4/2026 9:00,ENB_10057,10057_1,LHR_Johar_S1,3600,0,260,258,254,253,253,252,60,60,120,118,2,2,301,4530005,729773,93412,28002,54,100,43,100,20.8,40,9,6.9
8/4/2026 10:00,ENB_10057,10057_1,LHR_Johar_S1,3600,0,270,267,264,263,263,262,59,59,179,176,3,2,290,6423261,739620,113138,25925,57,100,37,100,20,35,10.8,6.2
8/4/2026 11:00,ENB_10057,10057_1,LHR_Johar_S1,3600,0,234,232,230,229,229,228,45,45,159,157,2,2,251,4849482,552297,68334,22881,51,100,40,100,24.7,55,11.3,6.7
8/4/2026 12:00,ENB_10057,10057_1,LHR_Johar_S1,3600,0,210,208,205,204,204,203,49,49,104,102,2,2,234,4480488,653389,67296,40651,52,100,39,100,21.7,45,10,7.6
8/4/2026 13:00,ENB_10057,10057_1,LHR_Johar_S1,3600,0,197,195,192,191,191,190,62,62,100,98,2,1,236,5987611,972182,100786,37020,56,100,43,100,17.8,42,9.8,7.8
8/4/2026 14:00,ENB_10057,10057_1,LHR_Johar_S1,3600,0,209,207,206,205,205,204,39,39,189,186,3,1,228,5198157,960071,108031,34687,57,100,35,100,22.3,51,7.5,5
8/4/2026 15:00,ENB_10057,10057_1,LHR_Johar_S1,3600,0,170,169,168,167,167,166,58,58,118,116,2,1,206,4729845,787961,64335,39420,56,100,49,100,18,38,6.2,4.7
8/4/2026 16:00,ENB_10057,10057_1,LHR_Johar_S1,3600,0,298,295,292,291,291,290,44,44,101,99,2,2,305,4463865,492258,79038,26274,55,100,39,100,22.3,41,11.2,9.3
8/4/2026 17:00,ENB_10057,10057_1,LHR_Johar_S1,3600,0,348,343,341,340,340,338,94,93,147,145,2,3,400,7319989,780634,112200,27913,66,100,42,100,26,57,13.4,10.4
8/4/2026 18:00,ENB_10057,10057_1,LHR_Johar_S1,3600,0,337,333,332,331,331,329,54,54,175,172,3,2,351,7371384,1179605,101285,67087,66,100,63,100,26.7,64,12.6,9.7
8/4/2026 19:00,ENB_10057,10057_1,LHR_Johar_S1,3600,0,398,394,391,389,389,387,122,121,192,189,3,4,488,6688169,1004039,140618,59443,74,100,43,100,29.1,52,15.8,12.3
8/4/2026 20:00,ENB_10057,10057_1,LHR_Johar_S1,3600,0,403,399,396,395,395,393,95,94,127,125,2,3,445,4743543,500842,96223,17862,58,100,43,100,28.2,61,8.5,5.5
8/4/2026 21:00,ENB_10057,10057_1,LHR_Johar_S1,3600,0,277,274,270,269,269,268,91,91,155,153,2,2,347,4982939,959189,68078,47749,54,100,42,100,21.8,43,11.7,8.8
8/4/2026 22:00,ENB_10057,10057_1,LHR_Johar_S1,3600,0,139,138,136,136,136,136,25,25,93,92,1,1,150,3211006,444273,45854,17890,35,100,32,100,15,32,7.4,6.3
8/4/2026 23:00,ENB_10057,10057_1,LHR_Johar_S1,3600,0,111,110,109,109,109,109,35,35,33,33,0,1,134,1951716,237474,31160,13841,21,100,17,100,7.5,15,3.5,2.3
8/5/2026 0:00,ENB_10057,10057_1,LHR_Johar_S1,3600,0,56,56,56,56,56,56,17,17,39,39,0,0,69,1283421,251570,22285,14548,10,100,10,100,4.6,10,1.7,1
8/5/2026 1:00,ENB_10057,10057_1,LHR_Johar_S1,3600,0,34,34,34,34,34,34,7,7,14,14,0,0,40,564302,98530,7556,3463,8,100,5,100,3.3,7,1.4,1
8/5/2026 2:00,ENB_10057,10057_1,LHR_Johar_S1,3600,0,18,18,18,18,18,18,3,3,10,10,0,0,20,533825,103062,9761,4391,6,100,4,100,2.1,5,0.7,0.4
8/5/2026 3:00,ENB_10057,10057_1,LHR_Johar_S1,3600,0,31,31,31,31,31,31,7,7,9,9,0,0,35,538962,105109,8354,5018,6,100,4,100,2.2,5,0.9,0.6
8/5/2026 4:00,ENB_10057,10057_1,LHR_Johar_S1,3600,400,29,29,29,29,29,29,8,8,8,8,0,0,36,453630,61432,8412,2761,5,100,4,100,2,4,0.9,0.7
8/5/2026 5:00,ENB_10057,10057_1,LHR_Johar_S1,3600,0,59,59,59,59,59,59,17,17,16,16,0,0,71,796634,160219,12395,7460,8,100,7,100,4,10,1.6,1
8/5/2026 6:00,ENB_10057,10057_1,LHR_Johar_S1,3600,0,74,73,73,73,73,73,21,21,34,34,0,0,88,1806543,209478,26090,10325,15,100,10,100,6.8,14,3.4,2.3
8/5/2026 7:00,ENB_10057,10057_1,LHR_Johar_S1,3600,0,134,133,131,131,131,131,25,25,95,94,1,1,141,2910072,628369,49171,22521,31,100,19,100,12.8,23,4.2,2.6
8/5/2026 8:00,ENB_10057,10057_1,LHR_Johar_S1,3600,0,279,277,273,272,272,271,55,55,133,131,2,2,305,4222330,620251,81288,33947,48,100,29,100,18.5,39,6.4,4.3
8/5/2026 9:00,ENB_10057,10057_1,LHR_Johar_S1,3600,0,291,288,287,286,286,285,43,43,174,171,3,2,300,5607615,905877,102289,54720,48,100,37,100,23.3,48,7.3,5.5
8/5/2026 10:00,ENB_10057,10057_1,LHR_Johar_S1,3600,0,341,338,336,335,335,333,61,61,143,141,2,2,360,4468936,958212,83190,41426,58,100,42,100,24.4,44,11.4,6.8
8/5/2026 11:00,ENB_10057,10057_1,LHR_Johar_S1,3600,0,315,311,307,306,306,305,51,51,129,127,2,2,330,5262182,1117662,91865,68833,53,100,43,100,22,37,9.6,6.5
8/5/2026 12:00,ENB_10057,10057_1,LHR_Johar_S1,3600,0,218,216,214,213,213,212,47,47,141,139,2,2,251,5492443,713608,86875,33936,53,100,48,100,19.1,36,9.3,7.7
8/5/2026 13:00,ENB_10057,10057_1,LHR_Johar_S1,3600,0,287,284,281,280,280,279,45,45,158,156,2,2,302,6049327,1173315,108069,47923,55,100,46,100,20.2,35,7,5.1
8/5/2026 14:00,ENB_10057,10057_1,LHR_Johar_S1,3600,0,348,345,341,340,340,338,102,101,125,123,2,3,414,5734233,707918,117517,27717,51,100,46,100,22.6,43,10.9,9
8/5/2026 15:00,ENB_10057,10057_1,LHR_Johar_S1,3600,0,321,317,315,314,314,312,106,105,119,117,2,3,392,6214591,871112,92947,29740,57,100,37,100,22.3,41,12.1,9.3
8/5/2026 16:00,ENB_10057,10057_1,LHR_Johar_S1,3600,0,246,243,241,240,240,239,50,50,88,87,1,2,269,4696358,710354,95834,26895,55,100,48,100,19,42,8.2,5.7
8/5/2026 17:00,ENB_10057,10057_1,LHR_Johar_S1,3600,0,270,266,263,262,262,261,69,69,159,157,2,2,313,7023224,1053441,97886,55125,73,100,43,100,25.6,45,12.4,10.3
8/5/2026 18:00,ENB_10057,10057_1,LHR_Johar_S1,3600,0,282,278,278,277,277,275,59,59,122,120,2,2,301,7999373,1084502,162012,44065,71,100,57,100,26.6,46,8.6,6.4
8/5/2026 19:00,ENB_10057,10057_1,LHR_Johar_S1,3600,0,357,352,350,349,349,347,90,89,184,181,3,3,414,7927242,1017417,159592,50423,66,100,56,100,25.1,50,12.6,9.5
8/5/2026 20:00,ENB_10057,10057_1,LHR_Johar_S1,3600,0,329,325,322,321,321,319,63,63,107,105,2,2,352,4532895,521222,63728,20888,62,100,50,100,26,52,8.8,5.5
8/5/2026 21:00,ENB_10057,10057_1,LHR_Johar_S1,3600,0,270,268,268,267,267,266,58,58,82,81,1,2,308,5128215,1032099,108262,37175,50,100,38,100,16.9,30,8.7,6.8
8/5/2026 22:00,ENB_10057,10057_1,LHR_Johar_S1,3600,0,259,257,254,253,253,252,53,53,135,133,2,1,283,3348307,623901,57006,36866,34,100,26,100,16.8,29,7.4,4.4
8/5/2026 23:00,ENB_10057,10057_1,LHR_Johar_S1,3600,0,67,67,66,66,66,66,14,14,57,57,0,0,72,2388177,406237,39712,16932,21,100,18,100,7.4,15,2.7,2.1
7/30/2026 0:00,ENB_10057,10057_2,LHR_Johar_S2,3600,0,50,50,50,50,50,50,16,16,40,40,0,0,60,1632460,183430,33044,7476,15,100,14,100,5.6,12,1.9,1.3
7/30/2026 1:00,ENB_10057,10057_2,LHR_Johar_S2,3600,0,44,44,43,43,43,43,10,10,26,26,0,0,51,816763,108868,17396,4419,11,100,9,100,4.8,9,2.3,1.7
7/30/2026 2:00,ENB_10057,10057_2,LHR_Johar_S2,3600,0,35,35,35,35,35,35,7,7,15,15,0,0,38,1030865,173182,17977,5983,8,100,6,100,2.8,6,0.9,0.6
7/30/2026 3:00,ENB_10057,10057_2,LHR_Johar_S2,3600,0,39,39,39,39,39,39,8,8,11,11,0,0,45,815321,137053,13158,4860,7,100,5,100,2.8,6,0.9,0.6
7/30/2026 4:00,ENB_10057,10057_2,LHR_Johar_S2,3600,0,38,38,37,37,37,37,6,6,22,22,0,0,41,647623,115302,11904,6961,9,100,6,100,3.8,7,1.8,1.1
7/30/2026 5:00,ENB_10057,10057_2,LHR_Johar_S2,3600,0,87,87,87,87,87,87,27,27,40,40,0,0,105,1034978,176117,15063,8697,12,100,10,100,5.8,13,2.2,1.4
7/30/2026 6:00,ENB_10057,10057_2,LHR_Johar_S2,3600,0,148,147,145,145,145,145,36,36,92,91,1,1,167,2754470,441973,39266,22955,24,100,18,100,10.7,18,5.6,4.3
7/30/2026 7:00,ENB_10057,10057_2,LHR_Johar_S2,3600,0,192,191,188,187,187,186,50,50,91,90,1,1,222,5144125,684651,94037,34499,45,100,30,100,14.3,25,7.7,4.5
7/30/2026 8:00,ENB_10057,10057_2,LHR_Johar_S2,3600,0,307,304,302,301,301,299,61,61,115,113,2,2,345,6308993,1324601,116797,69842,64,100,58,100,24.9,52,12.6,8.9
7/30/2026 9:00,ENB_10057,10057_2,LHR_Johar_S2,3600,0,307,303,301,300,300,298,57,57,106,104,2,2,321,8331589,1677276,181034,104549,77,100,55,100,24.7,52,12.3,9.6
7/30/2026 10:00,ENB_10057,10057_2,LHR_Johar_S2,3600,0,439,434,432,430,430,427,143,142,168,165,3,4,513,6859415,1006945,135266,37239,74,100,65,100,33.2,59,10.6,8.2
7/30/2026 11:00,ENB_10057,10057_2,LHR_Johar_S2,3600,0,507,501,497,495,495,492,131,130,272,267,5,5,585,7272895,1255579,97485,66397,74,100,52,100,35,71,13.9,10.6
7/30/2026 12:00,ENB_10057,10057_2,LHR_Johar_S2,3600,0,355,350,345,343,343,341,59,59,186,183,3,3,362,6636480,668633,119506,39829,71,100,47,100,29.4,56,10.3,8.4
7/30/2026 13:00,ENB_10057,10057_2,LHR_Johar_S2,3600,0,541,534,527,525,525,522,154,153,243,239,4,6,653,9071383,986734,183310,35931,69,100,54,100,34.2,72,11.1,9.4
7/30/2026 14:00,ENB_10057,10057_2,LHR_Johar_S2,3600,0,350,346,346,344,344,342,92,91,109,107,2,3,419,8801167,942116,138034,37813,72,100,60,100,27.3,44,12,8.1
7/30/2026 15:00,ENB_10057,10057_2,LHR_Johar_S2,3600,0,363,358,355,353,353,351,83,82,166,163,3,3,398,7122306,824061,100494,30052,80,100,66,100,25.8,59,10.9,8.6
7/30/2026 16:00,ENB_10057,10057_2,LHR_Johar_S2,3600,0,380,374,371,369,369,367,58,58,282,277,5,3,387,9357257,1899217,169411,70327,79,100,63,100,37.2,71,16.1,9.2
7/30/2026 17:00,ENB_10057,10057_2,LHR_Johar_S2,3600,0,388,382,379,377,377,374,104,103,179,175,4,4,435,11266643,1395034,177138,56772,96,100,61,100,30.3,50,9.9,7.9
7/30/2026 18:00,ENB_10057,10057_2,LHR_Johar_S2,3600,0,699,689,681,677,677,672,142,141,181,177,4,8,779,11213369,1664738,244906,56511,95,100,78,100,45.1,85,19.3,11.3
7/30/2026 19:00,ENB_10057,10057_2,LHR_Johar_S2,3600,0,656,645,639,636,636,631,152,151,175,172,3,7,752,11300149,1337775,210988,54746,93,100,70,100,42.7,95,17.1,12.8
7/30/2026 20:00,ENB_10057,10057_2,LHR_Johar_S2,3600,0,382,377,372,370,370,367,93,92,273,268,5,4,424,10615236,1270431,210186,53066,85,100,59,100,31.1,74,10.6,8.5
7/30/2026 21:00,ENB_10057,10057_2,LHR_Johar_S2,3600,0,245,242,240,239,239,238,60,60,96,94,2,2,286,8327719,832970,136499,44091,72,100,54,100,23.9,53,8.8,7.5
7/30/2026 22:00,ENB_10057,10057_2,LHR_Johar_S2,3600,0,272,269,267,266,266,265,84,84,163,161,2,2,319,5035745,838651,77437,33782,49,100,41,100,23.8,48,12.5,9.6
7/30/2026 23:00,ENB_10057,10057_2,LHR_Johar_S2,3600,0,158,157,156,156,156,156,44,44,59,58,1,1,190,2527230,287479,51642,14599,35,100,21,100,13,26,4.5,3.5
7/31/2026 0:00,ENB_10057,10057_2,LHR_Johar_S2,3600,0,73,73,72,72,72,72,17,17,29,29,0,0,82,1701462,179682,23657,8800,15,100,11,100,7.3,17,2.6,2.1
7/31/2026 1:00,ENB_10057,10057_2,LHR_Johar_S2,3600,0,44,44,44,44,44,44,12,12,26,26,0,0,54,1034476,224717,19051,9577,10,100,7,100,3.7,7,1.7,1.1
7/31/2026 2:00,ENB_10057,10057_2,LHR_Johar_S2,3600,0,47,47,47,47,47,47,14,14,14,14,0,0,57,696967,106076,13444,4671,9,100,7,100,3,7,1.4,1.1
7/31/2026 3:00,ENB_10057,10057_2,LHR_Johar_S2,3600,0,54,54,53,53,53,53,11,11,14,14,0,0,60,575616,78041,10530,3905,8,100,5,100,3.5,8,1.6,1
7/31/2026 4:00,ENB_10057,10057_2,LHR_Johar_S2,3600,0,35,35,35,35,35,35,6,6,16,16,0,0,38,726650,115072,12883,6892,9,100,7,100,2.7,6,1.5,1.1
7/31/2026 5:00,ENB_10057,10057_2,LHR_Johar_S2,3600,0,42,42,42,42,42,42,13,13,32,32,0,0,52,1386728,261225,20062,11190,12,100,8,100,4.3,7,1.3,0.8
7/31/2026 6:00,ENB_10057,10057_2,LHR_Johar_S2,3600,0,121,120,119,119,119,119,27,27,55,55,0,1,134,2251544,234935,34469,8091,26,100,16,100,7.7,13,2.4,1.5
7/31/2026 7:00,ENB_10057,10057_2,LHR_Johar_S2,3600,0,197,196,195,194,194,193,46,46,121,119,2,1,219,4768381,974206,69918,58726,39,100,37,100,18.7,43,6.8,4.7
7/31/2026 8:00,ENB_10057,10057_2,LHR_Johar_S2,3600,0,304,301,300,299,299,297,49,49,174,171,3,2,323,5182152,1018120,99551,39074,63,100,45,100,24.8,52,8.8,5.4
7/31/2026 9:00,ENB_10057,10057_2,LHR_Johar_S2,3600,0,395,390,390,388,388,386,99,98,299,294,5,3,451,5768621,1247787,78138,57940,73,100,60,100,33.8,65,12.2,8.7
7/31/2026 10:00,ENB_10057,10057_2,LHR_Johar_S2,3600,0,295,291,287,286,286,284,66,66,164,161,3,3,335,5711889,1177691,121887,55544,80,100,55,100,30.1,56,11.3,7.3
7/31/2026 11:00,ENB_10057,10057_2,LHR_Johar_S2,3600,0,362,357,352,350,350,348,87,86,204,201,3,3,408,6318327,1191041,127858,63749,83,100,66,100,27.7,57,9.2,7.3
7/31/2026 12:00,ENB_10057,10057_2,LHR_Johar_S2,3600,0,351,346,346,344,344,342,76,76,123,121,2,3,381,9048096,1281637,182920,56115,87,100,52,100,26,51,11.7,8
7/31/2026 13:00,ENB_10057,10057_2,LHR_Johar_S2,3600,0,363,359,354,352,352,350,103,102,229,225,4,3,433,5636450,1012499,114975,37879,73,100,64,100,33.6,64,15.3,10.4
7/31/2026 14:00,ENB_10057,10057_2,LHR_Johar_S2,3600,0,438,433,427,425,425,422,99,98,240,236,4,4,489,6300559,827893,131193,31795,73,100,62,100,29.4,65,12.6,7.7
7/31/2026 15:00,ENB_10057,10057_2,LHR_Johar_S2,3600,0,473,467,465,463,463,460,153,152,165,162,3,5,562,6366574,840059,132920,31050,93,100,58,100,36.4,60,12.8,10.5
7/31/2026 16:00,ENB_10057,10057_2,LHR_Johar_S2,3600,0,493,485,479,477,477,474,122,121,237,233,4,6,577,6219967,1214648,110492,48535,93,100,64,100,31.3,54,15.5,8.8
7/31/2026 17:00,ENB_10057,10057_2,LHR_Johar_S2,3600,0,565,556,552,549,549,545,173,172,298,292,6,7,666,8455858,1125383,130531,45766,97,100,85,100,36,83,13.8,7.8
7/31/2026 18:00,ENB_10057,10057_2,LHR_Johar_S2,3600,0,609,599,591,588,588,583,182,181,363,356,7,7,713,10475642,1824331,224876,85479,97,100,69,100,44.8,95,19.3,10.8
7/31/2026 19:00,ENB_10057,10057_2,LHR_Johar_S2,3600,0,494,486,483,480,480,476,139,138,141,138,3,5,590,6868057,1270476,108445,54554,98,100,91,100,32,76,12.8,8.2
7/31/2026 20:00,ENB_10057,10057_2,LHR_Johar_S2,3600,0,453,447,446,444,444,441,150,149,188,185,3,5,535,7424719,1504168,150800,88689,96,100,66,100,37.2,81,14,11.5
7/31/2026 21:00,ENB_10057,10057_2,LHR_Johar_S2,3600,0,253,250,249,248,248,247,50,50,148,146,2,2,271,9016923,1424420,142577,84703,77,100,58,100,26.1,58,11.9,9.3
7/31/2026 22:00,ENB_10057,10057_2,LHR_Johar_S2,3600,0,312,309,308,307,307,306,100,100,100,99,1,2,392,6564965,1042636,119521,45216,49,100,36,100,20.2,45,7.6,5.5
7/31/2026 23:00,ENB_10057,10057_2,LHR_Johar_S2,3600,0,128,127,126,126,126,126,27,27,46,46,0,1,138,2494370,348623,50082,17255,30,100,20,100,10.2,22,3.9,2.3
8/1/2026 0:00,ENB_10057,10057_2,LHR_Johar_S2,3600,0,73,73,72,72,72,72,24,24,35,35,0,0,87,1246447,221665,25145,9003,13,100,11,100,5.1,9,2.2,1.3
8/1/2026 1:00,ENB_10057,10057_2,LHR_Johar_S2,3600,0,55,55,55,55,55,55,16,16,26,26,0,0,64,856366,163531,12233,6030,9,100,7,100,3.7,7,1.7,1.3
8/1/2026 2:00,ENB_10057,10057_2,LHR_Johar_S2,3600,0,43,43,43,43,43,43,14,14,21,21,0,0,53,722429,149448,15117,7739,8,100,7,100,3.1,6,1.4,1
8/1/2026 3:00,ENB_10057,10057_2,LHR_Johar_S2,3600,0,24,24,24,24,24,24,7,7,12,12,0,0,29,789039,116328,12488,5093,7,100,5,100,2.3,4,0.9,0.7
8/1/2026 4:00,ENB_10057,10057_2,LHR_Johar_S2,3600,0,53,53,52,52,52,52,17,17,17,17,0,0,65,766453,117108,10818,6185,8,100,5,100,3.3,6,1.5,1
8/1/2026 5:00,ENB_10057,10057_2,LHR_Johar_S2,3600,0,40,40,39,39,39,39,10,10,15,15,0,0,46,1137528,245155,23836,9596,12,100,9,100,3.6,7,1.2,0.9
8/1/2026 6:00,ENB_10057,10057_2,LHR_Johar_S2,3600,0,140,139,139,139,139,139,29,29,70,69,1,1,161,2142640,320260,47329,17340,19,100,15,100,9.6,19,4.9,3.1
8/1/2026 7:00,ENB_10057,10057_2,LHR_Johar_S2,3600,0,201,199,196,195,195,194,53,53,124,123,1,1,235,4111046,513785,57655,27513,38,100,28,100,16.1,36,8.1,5.3
8/1/2026 8:00,ENB_10057,10057_2,LHR_Johar_S2,3600,0,240,237,237,236,236,235,57,57,133,131,2,2,280,4304521,746316,61652,43821,64,100,42,100,21.5,38,9.5,7.8
8/1/2026 9:00,ENB_10057,10057_2,LHR_Johar_S2,3600,0,303,300,299,298,298,296,64,64,190,187,3,2,342,6248749,1052248,83620,36923,69,100,43,100,29.7,69,12.8,8.1
8/1/2026 10:00,ENB_10057,10057_2,LHR_Johar_S2,3600,0,436,431,427,425,425,423,97,96,227,223,4,4,487,6447092,686466,88200,32418,67,100,50,100,30.6,71,12.8,7.7
8/1/2026 11:00,ENB_10057,10057_2,LHR_Johar_S2,3600,0,470,464,458,456,456,453,120,119,228,224,4,5,528,6404921,1405908,98505,61910,69,100,50,100,29.4,47,15.3,8.9
8/1/2026 12:00,ENB_10057,10057_2,LHR_Johar_S2,3600,570,342,338,335,334,334,332,107,106,234,230,4,3,404,5900689,1090215,115226,68686,73,100,58,100,27.7,63,12.2,8.8
8/1/2026 13:00,ENB_10057,10057_2,LHR_Johar_S2,3600,0,377,372,370,369,369,367,72,72,121,119,2,3,407,5228115,1072375,87850,38841,74,100,49,100,25.5,59,12.7,10.4
8/1/2026 14:00,ENB_10057,10057_2,LHR_Johar_S2,3600,0,221,218,215,214,214,213,67,67,214,210,4,2,257,6978072,921743,100813,36113,77,100,50,100,24.2,54,12.2,7.8
8/1/2026 15:00,ENB_10057,10057_2,LHR_Johar_S2,3600,0,308,304,301,300,300,298,68,68,215,212,3,3,336,6810963,1152972,102678,45831,69,100,46,100,34.3,78,12.2,9.4
8/1/2026 16:00,ENB_10057,10057_2,LHR_Johar_S2,3600,0,527,520,518,516,516,513,176,175,203,200,3,5,658,6733249,1336343,101949,71278,81,100,55,100,34.6,82,18.7,13.8
8/1/2026 17:00,ENB_10057,10057_2,LHR_Johar_S2,3600,0,446,440,438,436,436,433,86,85,232,227,5,4,484,7096374,1429453,130607,61406,91,100,69,100,31.3,63,15.1,11.6
8/1/2026 18:00,ENB_10057,10057_2,LHR_Johar_S2,3600,0,496,490,485,482,482,478,153,152,247,243,4,6,609,8999988,1306491,184846,78762,87,100,63,100,41.3,75,22.6,18.8
8/1/2026 19:00,ENB_10057,10057_2,LHR_Johar_S2,3600,0,474,467,465,463,463,460,136,135,226,222,4,5,564,7939574,1051931,142653,49092,91,100,67,100,33.2,65,14.9,12.5
8/1/2026 20:00,ENB_10057,10057_2,LHR_Johar_S2,3600,0,264,261,259,258,258,256,48,48,252,247,5,2,284,5482966,798801,79690,42246,88,100,61,100,29.2,55,13.9,9
8/1/2026 21:00,ENB_10057,10057_2,LHR_Johar_S2,3600,0,258,255,252,251,251,250,57,57,142,140,2,2,291,5209094,772960,111090,27726,59,100,53,100,23,54,12.6,10.2
8/1/2026 22:00,ENB_10057,10057_2,LHR_Johar_S2,3600,0,244,241,239,238,238,237,64,64,151,149,2,2,290,5364346,903266,80469,40658,48,100,42,100,18.2,33,7.3,5.2
8/1/2026 23:00,ENB_10057,10057_2,LHR_Johar_S2,3600,0,178,177,177,177,177,176,40,40,98,97,1,1,208,2587672,541222,55617,25699,30,100,23,100,12.3,25,4.2,3.1
8/2/2026 0:00,ENB_10057,10057_2,LHR_Johar_S2,3600,0,83,82,81,81,81,81,18,18,37,37,0,0,93,1479679,195044,23308,8351,12,100,10,100,5.6,13,2.4,1.7
8/2/2026 1:00,ENB_10057,10057_2,LHR_Johar_S2,3600,0,56,56,55,55,55,55,18,18,23,23,0,0,66,985551,105481,14333,4087,9,100,8,100,3.8,8,1.2,0.9
8/2/2026 2:00,ENB_10057,10057_2,LHR_Johar_S2,3600,0,30,30,30,30,30,30,9,9,18,18,0,0,38,483726,61320,7029,2689,6,100,5,100,2.4,4,1.3,0.9
8/2/2026 3:00,ENB_10057,10057_2,LHR_Johar_S2,3600,0,20,20,20,20,20,20,6,6,19,19,0,0,25,517045,99785,9266,3463,6,100,5,100,2.2,5,1,0.8
8/2/2026 4:00,ENB_10057,10057_2,LHR_Johar_S2,3600,0,32,32,32,32,32,32,5,5,13,13,0,0,35,690922,103129,15310,4743,7,100,5,100,2.4,5,1.3,0.9
8/2/2026 5:00,ENB_10057,10057_2,LHR_Johar_S2,3600,0,40,40,40,40,40,40,10,10,14,14,0,0,47,1057716,211416,15037,8641,11,100,9,100,3.3,8,1.8,1
8/2/2026 6:00,ENB_10057,10057_2,LHR_Johar_S2,3600,0,118,117,116,116,116,116,27,27,66,65,1,0,133,1845010,219199,29900,13283,18,100,14,100,8.6,21,3.4,2.6
8/2/2026 7:00,ENB_10057,10057_2,LHR_Johar_S2,3600,0,198,197,195,195,195,194,33,33,95,94,1,1,213,2862440,606072,48396,31890,39,100,25,100,13.1,27,6.8,4.6
8/2/2026 8:00,ENB_10057,10057_2,LHR_Johar_S2,3600,0,268,266,264,263,263,262,77,77,117,115,2,2,320,6193009,869259,105342,35424,52,100,36,100,17.1,30,8.6,6
8/2/2026 9:00,ENB_10057,10057_2,LHR_Johar_S2,3600,0,192,190,188,187,187,186,44,44,127,125,2,1,220,5090554,773278,89956,38418,59,100,37,100,20.8,37,9.5,5.4
8/2/2026 10:00,ENB_10057,10057_2,LHR_Johar_S2,3600,0,378,374,374,373,373,371,114,113,134,132,2,4,441,4736958,559069,63983,23708,59,100,52,100,29.1,67,8.8,6.8
8/2/2026 11:00,ENB_10057,10057_2,LHR_Johar_S2,3600,0,338,334,330,329,329,327,60,60,209,205,4,2,360,6139998,1022092,106423,39904,60,100,41,100,29.7,70,15.6,11.6
8/2/2026 12:00,ENB_10057,10057_2,LHR_Johar_S2,3600,0,345,341,338,337,337,335,111,110,182,179,3,3,423,4926754,914888,101006,47643,69,100,52,100,25.1,48,9.6,5.4
8/2/2026 13:00,ENB_10057,10057_2,LHR_Johar_S2,3600,0,384,380,374,373,373,371,63,63,194,191,3,3,414,6672090,998229,130166,34615,63,100,45,100,27.7,51,12.7,8.4
8/2/2026 14:00,ENB_10057,10057_2,LHR_Johar_S2,3600,0,261,258,255,254,254,253,73,73,93,91,2,3,312,4826146,887005,85951,34626,60,100,51,100,22.2,43,7.3,4.3
8/2/2026 15:00,ENB_10057,10057_2,LHR_Johar_S2,3600,0,316,312,311,310,310,308,96,95,157,154,3,3,388,5350592,704323,100938,29863,66,100,54,100,22.9,48,8.8,6.7
8/2/2026 16:00,ENB_10057,10057_2,LHR_Johar_S2,3600,0,292,289,286,285,285,283,96,95,139,137,2,2,349,6362959,1244967,108744,45132,64,100,53,100,29.5,53,14.5,10.9
8/2/2026 17:00,ENB_10057,10057_2,LHR_Johar_S2,3600,0,448,443,442,440,440,437,93,92,245,240,5,4,480,9115385,1216203,141894,40558,74,100,58,100,32.6,74,12,8.4
8/2/2026 18:00,ENB_10057,10057_2,LHR_Johar_S2,3600,0,380,375,374,372,372,369,61,61,250,245,5,4,406,8936094,1572703,145128,65221,89,100,54,100,28.5,67,12,9.8
8/2/2026 19:00,ENB_10057,10057_2,LHR_Johar_S2,3600,0,492,485,482,480,480,477,163,162,160,157,3,5,615,5961480,1013127,111472,35308,85,100,59,100,33.7,62,12.7,7.7
8/2/2026 20:00,ENB_10057,10057_2,LHR_Johar_S2,3600,0,449,443,437,435,435,432,113,112,150,148,2,4,509,6147934,654271,106560,24062,76,100,59,100,34,76,16.9,14.3
8/2/2026 21:00,ENB_10057,10057_2,LHR_Johar_S2,3600,0,417,412,411,409,409,407,121,120,127,125,2,4,494,7403444,1610647,135373,86521,57,100,45,100,26.9,46,10.1,7.1
8/2/2026 22:00,ENB_10057,10057_2,LHR_Johar_S2,3600,0,259,257,255,254,254,253,71,71,137,135,2,2,309,4464739,688041,61330,23142,46,100,38,100,18,30,5.9,3.7
8/2/2026 23:00,ENB_10057,10057_2,LHR_Johar_S2,3600,0,153,152,152,152,152,152,40,40,89,88,1,1,185,2514699,473640,33853,31212,25,100,18,100,10.8,19,4,2.8
8/3/2026 0:00,ENB_10057,10057_2,LHR_Johar_S2,3600,0,79,79,79,79,79,79,20,20,60,60,0,0,96,1675857,278522,25248,12652,14,100,10,100,6.7,11,2.6,2
8/3/2026 1:00,ENB_10057,10057_2,LHR_Johar_S2,3600,0,57,57,57,57,57,57,16,16,34,34,0,0,69,1208936,162357,17247,5717,11,100,8,100,4.5,8,2.1,1.6
8/3/2026 2:00,ENB_10057,10057_2,LHR_Johar_S2,3600,0,49,49,49,49,49,49,10,10,24,24,0,0,56,553798,87457,11870,3192,7,100,6,100,3.1,6,1,0.6
8/3/2026 3:00,ENB_10057,10057_2,LHR_Johar_S2,3600,0,23,23,23,23,23,23,4,4,19,19,0,0,26,765717,112774,10545,6136,7,100,6,100,2.5,5,1,0.9
8/3/2026 4:00,ENB_10057,10057_2,LHR_Johar_S2,3600,0,53,53,52,52,52,52,16,16,32,32,0,0,63,814949,83134,15987,5399,8,100,6,100,3.7,6,1.8,1.1
8/3/2026 5:00,ENB_10057,10057_2,LHR_Johar_S2,3600,0,52,52,51,51,51,51,13,13,29,29,0,0,61,974269,181940,15375,10423,13,100,9,100,5.1,9,2.3,1.9
8/3/2026 6:00,ENB_10057,10057_2,LHR_Johar_S2,3600,0,103,102,102,102,102,102,21,21,59,58,1,1,117,2276471,366221,33383,15804,25,100,19,100,10.3,21,5,3.1
8/3/2026 7:00,ENB_10057,10057_2,LHR_Johar_S2,3600,0,171,170,170,170,170,169,57,57,132,131,1,1,216,3697110,537247,60552,22950,39,100,27,100,15.7,37,8.2,5
8/3/2026 8:00,ENB_10057,10057_2,LHR_Johar_S2,3600,0,224,221,219,218,218,217,46,46,160,158,2,2,252,7479249,752914,121220,30941,65,100,53,100,20.5,41,7.1,4.6
8/3/2026 9:00,ENB_10057,10057_2,LHR_Johar_S2,3600,0,348,343,342,341,341,339,112,111,195,192,3,3,432,5254570,1043567,83336,65757,75,100,49,100,27,62,14.1,9.8
8/3/2026 10:00,ENB_10057,10057_2,LHR_Johar_S2,3600,0,390,386,386,384,384,382,78,78,134,132,2,3,442,8031863,1711649,132467,84185,66,100,57,100,29.9,65,12.8,7.1
8/3/2026 11:00,ENB_10057,10057_2,LHR_Johar_S2,3600,0,337,333,332,331,331,329,78,78,179,175,4,3,382,6821978,1167677,124395,50975,69,100,48,100,34.8,69,17.1,13.8
8/3/2026 12:00,ENB_10057,10057_2,LHR_Johar_S2,3600,0,284,281,278,277,277,275,49,49,201,198,3,3,305,8541886,1481322,134645,81424,71,100,56,100,27.2,57,8.4,5.1
8/3/2026 13:00,ENB_10057,10057_2,LHR_Johar_S2,3600,0,301,297,293,292,292,290,75,75,264,259,5,3,336,7183611,1078752,108924,37396,73,100,46,100,30.4,56,10.3,6.1
8/3/2026 14:00,ENB_10057,10057_2,LHR_Johar_S2,3600,0,343,338,336,335,335,333,105,104,213,209,4,3,419,5780513,1164873,100588,41429,68,100,49,100,23.7,52,7.6,4.4
8/3/2026 15:00,ENB_10057,10057_2,LHR_Johar_S2,3600,0,375,370,368,366,366,364,103,102,233,229,4,3,423,7139513,1239729,125066,80174,75,100,66,100,32.4,73,13,7.5
8/3/2026 16:00,ENB_10057,10057_2,LHR_Johar_S2,3600,0,430,425,419,417,417,414,119,118,231,227,4,5,496,7000177,867541,100127,52808,92,100,52,100,36.8,73,15.4,12
8/3/2026 17:00,ENB_10057,10057_2,LHR_Johar_S2,3600,0,455,448,442,440,440,437,136,135,190,186,4,4,532,8355169,1595932,126276,73028,89,100,75,100,29.5,66,10.4,7.5
8/3/2026 18:00,ENB_10057,10057_2,LHR_Johar_S2,3600,0,368,363,358,356,356,353,123,122,272,266,6,5,445,11384888,2452056,169285,95500,98,100,87,100,34.6,64,18,11.4
8/3/2026 19:00,ENB_10057,10057_2,LHR_Johar_S2,3600,0,551,544,542,539,539,535,181,180,338,330,8,7,676,8354790,1310863,118607,45745,90,100,64,100,41.7,79,18.4,15
8/3/2026 20:00,ENB_10057,10057_2,LHR_Johar_S2,3600,0,417,411,407,405,405,402,69,69,242,238,4,4,434,7322995,1570268,126348,72617,80,100,61,100,37.6,86,16.7,9.8
8/3/2026 21:00,ENB_10057,10057_2,LHR_Johar_S2,3600,0,468,463,458,456,456,453,146,145,228,224,4,5,576,7605228,992532,128930,39844,73,100,61,100,31.1,61,16.3,10.8
8/3/2026 22:00,ENB_10057,10057_2,LHR_Johar_S2,3600,0,261,259,257,256,256,255,79,79,78,77,1,2,310,5076094,1050265,106175,52307,53,100,45,100,17.4,31,8.9,4.9
8/3/2026 23:00,ENB_10057,10057_2,LHR_Johar_S2,3600,0,205,203,202,202,202,201,66,66,120,119,1,1,242,2351920,377170,36536,13754,33,100,19,100,13.6,27,6,4.9
8/4/2026 0:00,ENB_10057,10057_2,LHR_Johar_S2,3600,0,64,64,64,64,64,64,19,19,28,28,0,0,78,1329088,254174,24370,9266,14,100,13,100,4.9,11,1.7,1.2
8/4/2026 1:00,ENB_10057,10057_2,LHR_Johar_S2,3600,0,59,59,59,59,59,59,17,17,20,20,0,0,72,923940,174860,20202,8165,11,100,8,100,4.1,8,1.9,1.2
8/4/2026 2:00,ENB_10057,10057_2,LHR_Johar_S2,3600,0,51,51,50,50,50,50,13,13,19,19,0,0,57,684563,115183,13872,4269,8,100,6,100,3.2,7,1.1,0.7
8/4/2026 3:00,ENB_10057,10057_2,LHR_Johar_S2,3600,0,23,23,23,23,23,23,6,6,13,13,0,0,27,655650,109665,8939,6988,7,100,5,100,2.5,4,1,0.8
8/4/2026 4:00,ENB_10057,10057_2,LHR_Johar_S2,3600,0,35,35,35,35,35,35,7,7,21,21,0,0,40,850029,100007,17510,5335,9,100,6,100,3.8,9,1.5,1.2
8/4/2026 5:00,ENB_10057,10057_2,LHR_Johar_S2,3600,0,58,58,58,58,58,58,13,13,36,36,0,0,68,866222,145082,16745,6628,13,100,10,100,4.3,8,2,1.2
8/4/2026 6:00,ENB_10057,10057_2,LHR_Johar_S2,3600,0,112,111,109,109,109,109,23,23,74,73,1,1,122,2732245,304061,55184,12750,21,100,16,100,10.7,21,3.3,2.6
8/4/2026 7:00,ENB_10057,10057_2,LHR_Johar_S2,3600,0,271,269,268,267,267,266,80,80,133,131,2,2,317,3838434,584568,56278,38944,42,100,28,100,18.1,32,8.4,6.3
8/4/2026 8:00,ENB_10057,10057_2,LHR_Johar_S2,3600,0,302,298,294,293,293,291,89,89,143,141,2,3,359,4462682,934935,68381,38407,68,100,45,100,27,54,11.8,7.6
8/4/2026 9:00,ENB_10057,10057_2,LHR_Johar_S2,3600,0,502,495,490,488,488,485,130,129,152,149,3,5,558,5858212,698588,124307,27214,68,100,49,100,31.9,53,17.2,14.1
8/4/2026 10:00,ENB_10057,10057_2,LHR_Johar_S2,3600,0,275,272,269,268,268,266,46,46,151,148,3,2,281,5299574,961559,83305,34062,70,100,63,100,27,64,11.4,7.2
8/4/2026 11:00,ENB_10057,10057_2,LHR_Johar_S2,3600,0,533,527,520,518,518,515,175,174,218,214,4,6,628,5628730,1052612,93257,36926,73,100,50,100,36.3,82,12,10
8/4/2026 12:00,ENB_10057,10057_2,LHR_Johar_S2,3600,0,362,358,354,352,352,350,100,99,177,174,3,4,417,7624837,1555279,136317,59710,75,100,58,100,24.7,59,8.2,5
8/4/2026 13:00,ENB_10057,10057_2,LHR_Johar_S2,3600,383,315,311,307,306,306,304,103,102,107,105,2,3,374,6045416,1215989,92320,80750,75,100,50,100,23.8,47,7.7,5.9
8/4/2026 14:00,ENB_10057,10057_2,LHR_Johar_S2,3600,0,420,415,410,408,408,405,103,102,162,159,3,4,490,6362978,759829,102023,26742,81,100,49,100,26.5,62,11.8,7.2
8/4/2026 15:00,ENB_10057,10057_2,LHR_Johar_S2,3600,0,378,373,371,369,369,367,121,120,204,200,4,4,462,6784543,921185,95208,58272,90,100,57,100,25.4,47,11.9,7.6
8/4/2026 16:00,ENB_10057,10057_2,LHR_Johar_S2,3600,0,468,462,457,455,455,452,150,149,214,210,4,5,576,6741388,1171980,138381,53159,81,100,73,100,31.1,73,9.6,6.3
8/4/2026 17:00,ENB_10057,10057_2,LHR_Johar_S2,3600,0,510,503,498,495,495,491,112,111,220,215,5,5,549,7533650,907260,135112,52773,98,100,76,100,32.4,76,16.4,10.3
8/4/2026 18:00,ENB_10057,10057_2,LHR_Johar_S2,3600,0,654,644,634,630,630,625,178,177,180,176,4,7,733,9163249,1884417,137474,121259,98,100,86,100,44.2,79,14.8,10.1
8/4/2026 19:00,ENB_10057,10057_2,LHR_Johar_S2,3600,0,518,510,510,507,507,503,138,137,339,332,7,6,590,11625838,1642795,192206,74039,98,100,68,100,45.3,102,16.1,10.7
8/4/2026 20:00,ENB_10057,10057_2,LHR_Johar_S2,3600,0,575,566,560,557,557,553,123,122,250,245,5,6,630,6193139,1228006,132498,43524,80,100,57,100,36.8,85,12.1,7.4
8/4/2026 21:00,ENB_10057,10057_2,LHR_Johar_S2,3600,0,320,316,313,312,312,310,97,96,113,111,2,3,369,7265432,836362,151305,30537,67,100,57,100,25.3,49,11.7,9.6
8/4/2026 22:00,ENB_10057,10057_2,LHR_Johar_S2,3600,0,280,277,276,275,275,274,81,81,112,110,2,2,327,6265250,939756,83664,53255,56,100,45,100,23.6,51,7.4,6.1
8/4/2026 23:00,ENB_10057,10057_2,LHR_Johar_S2,3600,0,164,163,161,161,161,161,33,33,53,52,1,1,182,2244801,392312,38857,23203,32,100,25,100,10.3,19,3.3,2.4
8/5/2026 0:00,ENB_10057,10057_2,LHR_Johar_S2,3600,0,107,107,107,107,107,107,33,33,28,28,0,1,127,1877128,270654,31151,14699,16,100,13,100,6.9,14,2.6,2.1
8/5/2026 1:00,ENB_10057,10057_2,LHR_Johar_S2,3600,0,58,58,58,58,58,58,16,16,34,34,0,0,70,736710,158761,15734,5562,11,100,9,100,4.2,8,2,1.6
8/5/2026 2:00,ENB_10057,10057_2,LHR_Johar_S2,3600,0,33,33,33,33,33,33,7,7,20,20,0,0,38,585223,99400,9945,6156,8,100,7,100,3.7,8,1.6,1.1
8/5/2026 3:00,ENB_10057,10057_2,LHR_Johar_S2,3600,0,32,32,32,32,32,32,5,5,23,23,0,0,35,507327,72002,7727,2880,7,100,5,100,3.2,7,1,0.7
8/5/2026 4:00,ENB_10057,10057_2,LHR_Johar_S2,3600,0,33,33,33,33,33,33,6,6,11,11,0,0,36,915310,196544,17914,10841,8,100,7,100,2.7,5,1.1,0.7
8/5/2026 5:00,ENB_10057,10057_2,LHR_Johar_S2,3600,0,55,55,55,55,55,55,12,12,21,21,0,0,63,1375975,289778,20657,15519,12,100,9,100,4.5,10,1.4,1
8/5/2026 6:00,ENB_10057,10057_2,LHR_Johar_S2,3600,0,87,86,86,86,86,86,23,23,67,66,1,0,99,1959996,203978,30994,11094,25,100,19,100,8.7,16,2.6,2.1
8/5/2026 7:00,ENB_10057,10057_2,LHR_Johar_S2,3600,0,200,198,197,196,196,195,68,68,158,156,2,1,241,4301733,706590,85924,40430,45,100,26,100,19.5,40,10.3,7.6
8/5/2026 8:00,ENB_10057,10057_2,LHR_Johar_S2,3600,383,406,402,398,396,396,394,134,133,246,243,3,3,485,4949082,755220,72112,26719,69,100,58,100,27.8,59,11.2,6.3
8/5/2026 9:00,ENB_10057,10057_2,LHR_Johar_S2,3600,0,359,354,349,348,348,346,94,93,97,95,2,3,425,6627821,1005519,99849,41782,71,100,47,100,24.3,57,13,8.3
8/5/2026 10:00,ENB_10057,10057_2,LHR_Johar_S2,3600,0,441,435,435,433,433,430,85,84,253,248,5,4,474,6828820,1124758,136259,44265,82,100,63,100,29.4,63,15.1,8.4
8/5/2026 11:00,ENB_10057,10057_2,LHR_Johar_S2,3600,0,465,459,456,454,454,451,75,75,272,267,5,4,480,6843954,726391,99800,32345,80,100,59,100,36.5,62,15.5,11.1
8/5/2026 12:00,ENB_10057,10057_2,LHR_Johar_S2,3600,0,302,298,295,294,294,292,74,74,109,107,2,3,339,7165266,1335511,97143,88783,80,100,50,100,27.3,45,13,8.2
8/5/2026 13:00,ENB_10057,10057_2,LHR_Johar_S2,3600,0,390,386,384,382,382,380,95,94,134,131,3,3,434,6381506,1005895,93102,39153,81,100,65,100,33.2,55,18.2,13.2
8/5/2026 14:00,ENB_10057,10057_2,LHR_Johar_S2,3600,0,262,258,257,256,256,254,67,67,223,219,4,3,299,8792511,902331,188517,50198,81,100,61,100,29.1,62,9,6.9
8/5/2026 15:00,ENB_10057,10057_2,LHR_Johar_S2,3600,0,454,449,447,445,445,442,135,134,267,262,5,5,531,8307763,1263571,116450,49018,75,100,69,100,38.1,64,18.8,13.1
8/5/2026 16:00,ENB_10057,10057_2,LHR_Johar_S2,3600,0,392,386,386,384,384,381,111,110,242,238,4,4,460,10240737,1428607,188299,79945,96,100,76,100,39.5,82,12.1,9.3
8/5/2026 17:00,ENB_10057,10057_2,LHR_Johar_S2,3600,0,511,503,496,493,493,489,143,142,280,274,6,6,612,11464121,2045554,239359,92202,86,100,69,100,33.4,75,13.6,11.4
8/5/2026 18:00,ENB_10057,10057_2,LHR_Johar_S2,3600,0,566,557,556,553,553,549,193,192,149,146,3,7,700,8557526,1702111,130995,70288,98,100,66,100,35.9,85,11.7,8.8
8/5/2026 19:00,ENB_10057,10057_2,LHR_Johar_S2,3600,0,451,444,443,441,441,438,82,81,211,207,4,4,474,8463301,1699872,115210,62195,89,100,77,100,32.8,62,15,9.8
8/5/2026 20:00,ENB_10057,10057_2,LHR_Johar_S2,3600,0,360,355,355,353,353,351,57,57,158,155,3,3,391,5992977,1132255,125858,46653,92,100,76,100,33.2,64,17.8,13.2
8/5/2026 21:00,ENB_10057,10057_2,LHR_Johar_S2,3600,0,385,381,381,379,379,377,81,81,212,208,4,4,412,5554722,825169,86318,43975,77,100,50,100,30.9,59,10.5,7.8
8/5/2026 22:00,ENB_10057,10057_2,LHR_Johar_S2,3600,0,214,212,211,210,210,209,41,41,125,123,2,2,232,4345507,499515,64294,21239,54,100,47,100,16.5,30,6,4.7
8/5/2026 23:00,ENB_10057,10057_2,LHR_Johar_S2,3600,0,183,182,181,181,181,180,53,53,98,97,1,1,217,3656023,398916,49144,25734,30,100,26,100,13.8,28,5,2.8
